venue_id,name,google_place_id,google_price_level,mapped_tier
v0502,Pace Gallery,ChIJNY00lbdZwokR83atenEnYFw,,
v0483,Mxdin,ChIJuclyZgBZwokRMdPYUE9DW1M,,
v0486,Nami Nori West Village,ChIJcfbyqFNZwokRUoBP92II4c0,,
v0303,Chelsea Art Gallery District,ChIJQyaxd0pZwokRSDcZcMo4hbw,,
v0345,El Rey Mezcal Bar,ChIJA12lvtpbwokRx1g73PPypIM,,
v0489,NEO COFFEE BAR PATH,ChIJcxNW_8A1K4gRfcFPPm8UXxc,,
v0361,Flute Bar,ChIJHTeso-EFdkgRCnWacXe_BAo,,
v0379,Hale Coffee Company,ChIJe54Pel7L1IkRFRcxrg8jWY8,,
v1251,Eyval,ChIJR9OEk_BdwokR9Qxlpi3I1ro,,
v0492,niconeco zakkaya,ChIJpdaS-7pZwokRwu9BkLCdK_U,,
v0503,Patisserie Vanessa,ChIJb2q4QqNZwokROAYHW3Y-PPk,,
v0513,Pigeon Espresso Bar,ChIJ--JCXQDL1IkRE2l1BRaaH54,,
v0592,The Brick Room (一期一会),ChIJI-HScCTL1IkRz6C8LwOT7wc,,
v0601,The Little Scarlet Door,ChIJF6Udn24FdkgRU6FtCxbuFiY,,
v0604,The New York Earth Room,ChIJNVpiZY5ZwokRvQ-vFAg3tok,,
v0616,Three Dots Coffee Lab,ChIJ9wCaK9c1K4gRN5Oy4YcFG6A,,
v0618,Times Square,ChIJmQJIxlVYwokRLgeuocVOGVU,,
v1165,KIJITORA,ChIJ02sY7ydZwokRQNtTpmBywcc,,
v1103,MISIPASTA,ChIJ6yQJPWJZwokRRNJS9LYAdwc,,
v1107,Rite Of Passage,ChIJPfYLx19ZwokRQNG2gsSS04M,,
v1139,Bar Rêve,ChIJ2YpvPEdbwokRZFF2gfqDNT0,,
v1167,L Train Vintage,ChIJxaTLLQVcwokRHST0YGZThqs,,
v1082,Cafe MSMN,ChIJt5dIF-lZwokRZzogeAzB3EU,,
v1218,ByClio Bakery,ChIJw52j4W9ZwokRUxsssuZyD_c,,
v1340,The Little Bookshop,ChIJgctCgGhbwokRYR1ln2hAnbs,,
v1085,PPL,ChIJEa4-I9BbwokRhCUh5oXkWY0,,
v1088,Mr. Melo,ChIJLfNNGJNZwokR5H_5qlF22zk,,
v0004,Georgie’s Cafe & Bar,ChIJG8Mc_oFZwokRYk2OAgdC2Ho,,
v0009,Studio 151,ChIJ5UXURXdZwokR8bPSfFgCHjg,,
v0016,Bub's Bakery,ChIJK0OtSABZwokR-Bhujeconj8,,
v0020,Outer Heaven,ChIJYbxKJmlZwokRyaASxd_iOyw,,
v0021,Silence Please,ChIJKedLcvFZwokRxKBOubB34lU,,
v0022,Soda Club,ChIJzVWJIgVZwokRZzgRswAxIJY,,
v0025,The Ripple Room,ChIJqz6xTwBZwokRNvAKvJE8RV4,,
v0029,Conwell Coffee & Cocktail Hall,ChIJgTMBOPtbwokR1Y0sSidhvqI,,
v0032,kalei nyc,ChIJ94M6rC9ZwokRQ3mA_a5U2KU,,
v0033,Obvio Cocktail Bar Nomad,ChIJ9bckgAhZwokRukvfBql9KXk,,
v0036,St Jardim,ChIJQT7u80BZwokR5MLuGvTsBiY,,
v0037,The Little Shop,ChIJpZd5uFtbwokROm9FtRhLhyQ,,
v0038,Bar Pisellino,ChIJHUufNvVZwokRaO5ke5RQ46c,,
v0040,Bungee Space,ChIJB9XoY3RZwokRycT87D2zX0g,,
v0049,PARK at KIMS,ChIJk6s3kmNZwokRDaC2yy4A790,,
v0064,Funny Bar,ChIJ-WCFBVlZwokRC6us4Mh0YHk,,
v0065,Hungry Llama,ChIJFXK3-LdZwokR41IAIP81AvM,,
v0069,Le Dive,ChIJo4XQ00RbwokRomqfPVik1s4,,
v0070,Mandrake Café,ChIJ5z8misBZwokRfDSfGVaw3js,,
v0073,Paquita,ChIJ1YjjIR5ZwokR64A4lzzR84g,,
v0074,Parcelle Chinatown,ChIJI3VG1kxYwokRECoJD1lSvSY,,
v0078,Skin Contact,ChIJu2qqwwJZwokR_VbX5-UgL9s,,
v0080,Tera,ChIJp1D1GABbwokRGv6SieCkj1U,,
v0088,Bar Bianchi,ChIJv_AHlm1ZwokRcPCZsaL2qlQ,,
v0089,Bar Crispin,ChIJE6-tG_gFdkgRkfw9f0Ruknc,,
v0090,Binx,ChIJnVTBZQBZwokR_e07ztqL870,,
v0095,Do Not Feed Alligators,ChIJx3Lned1ZwokRHpVK3qlZZMA,,
v0097,El Camino,ChIJta8wQABZwokRJIHwv_5Wv3c,,
v0098,La Cabra,ChIJT994RulZwokRdgqQX0zc3QY,,
v0100,LOS TACOS No.1,ChIJsdNONuFbwokRLM-yuifjb8k,,
v0202,Pimbeche Vintage,ChIJ1XxC5ItZwokRITvkxhLVuRA,,
v0204,Project Seoul,ChIJ14swXAA1K4gR57BtRMSAjYY,,
v0104,Papa d’Amour,ChIJ9XHBcQBZwokRkNC7Va5Sa9E,,
v0106,"RHYTHM ZERO, WEST VILLAGE",ChIJHZO-cABZwokRP3Gty-exVkU,,
v0111,Seven Dials Market,ChIJD4dBYbgFdkgRv99UblXvkYw,,
v0115,Sullaluna,ChIJ_5hz2klZwokRHWSfBldfUdQ,,
v0123,Alabaster Bookshop,ChIJpTRUPJlZwokRtFv10EUtj-k,,
v0125,Ariston Coffee Bar,ChIJK0FlVPNZwokR2waVBj-VHko,,
v0130,BabySips,ChIJBUoUBBtZwokRoH9ZV7FA9RA,,
v0134,Bar Room at the Beekman,ChIJw0ol8QFbwokR6-65pS8JSDk,,
v0143,Buddy's,ChIJp1830WNZwokR9fZCL5rf9mw,,
v0146,Café Habibti,ChIJSyXaSrJZwokRORr9W165phU,,
v0147,canteenM,ChIJo02rP4ZZwokRRbYZMk9lyd8,,
v0153,Coming Soon,ChIJUWNTySlawokRFApT4_EDvv8,,
v0157,Derby Cup Coffee,ChIJMXRqFABbwokROtpA2HMbqL8,,
v0160,Early Terrible New York City,ChIJU4WGzV1ZwokR9mZOMy7xz7E,,
v0162,Edna + Vita,ChIJ0YO8-mA1K4gRpluiDNMl14s,,
v0163,Electric Lemon,ChIJIXPGRZtZwokRlob1QzvXcO4,,
v0165,Elvis,ChIJ7YfBUgBZwokRd88LamATlVg,,
v0167,ESSX NYC,ChIJH9V1IMNZwokRb4USgw5yDZo,,
v0173,Grasso,ChIJRcG-rBEbdkgR9SUVxepVY0I,,
v0175,Happy Medium,ChIJ8x4nPnRbwokRozC-WjZ0VMI,,
v0177,Jac's on Bond,ChIJRVNhqddZwokRtdYJh-uBlCY,,
v0179,JIMMY,ChIJ45clTQBZwokRXt97y11W1bw,,
v0180,KIJITORA E14th,ChIJiyUu4NpZwokRrlpJTSvIiRY,,
v0184,Locanda Verde Hudson Yards,ChIJV09-awBZwokROld1G3kx0e4,,
v0185,LOS TACOS No.1,ChIJUybmBDpZwokR1WuwgSaYkr8,,
v0187,MADE RITE COFFEE,ChIJ6WFHd3w1K4gRerr6HGTIzO4,,
v0188,Mast Books,ChIJBXpzwIJZwokRhOAu4SUGDds,,
v0189,Moonflower,ChIJ9TpnlMtZwokRJJQ_AJbVcnY,,
v0194,Old Mates Pub,ChIJ18arQwBbwokRzYO8n-65f_s,,
v0197,"P&T Knitwear Bookstore, Coffee, & Podcast Studio",ChIJublUE8dZwokRc87bQmHj5Cw,,
v0301,Chad Senzel,ChIJ4WJF2iBZwokR7K8aNX4BukI,,
v0205,PUBLIC Hotel,ChIJYY-OM4RZwokRvA7ECx3HRZw,,
v0209,Rita's,ChIJoddM1nEFdkgRsNOAoG3mIhA,,
v0216,SOMA Soho,ChIJk-Pwqj8FdkgRsRgIlFZ8FNU,,
v0222,Teabowl,ChIJxVJZfgBZwokRPJhGH4SnywU,,
v0225,The Hideout Chai Bar,ChIJv_6WmoZZwokRbuo1pyegDRE,,
v0227,TIME AGAIN,ChIJFbvsXD1bwokRxOjjQXFijcQ,,
v0233,192 Books,ChIJp2ZWXbhZwokRLu509djcZu4,,
v0235,787 Coffee,ChIJRWo8v4RZwokRbggnxWmoWpA,,
v0241,Adore,ChIJoYyj68NZwokRT8xVxxpdccg,,
v0244,Albertine,ChIJe8TwIpRYwokRbZVYCpL0UWo,,
v0254,Aquelarre Shop,ChIJnzHWrtS5woARbg75HL247Lg,,
v0256,Assembly New York,ChIJpx9D54NZwokRMyH2wAvb8P8,,
v0264,Bar Revival,ChIJi7he5vpZwokRpyaPR5yZplY,,
v0266,Bar Tizio,ChIJBc8Bim9ZwokR6aNW-GNSOg4,,
v0270,"Bella Union, Rooftop Bar",ChIJhWLyL1FZwokRq5e_w2IWYx0,,
v0274,Birria Catrina,ChIJDZlcKgc1K4gRweSuh9DK_Oc,,
v0280,Breakfast by Salt's Cure,ChIJD5S2xrdZwokR-Co72baJxZ4,,
v0282,Brooklyn Bridge,ChIJ41U-c_ZbwokRnOGug5xZbys,,
v0284,Butter Smashburgers,ChIJu9uJ1-FZwokRjUdfc6E-tJE,,
v0289,Cafe Ambrosia New York,ChIJ2z7wnbNZwokRG2yRG-3vIUs,,
v0298,Casa Morales,ChIJqTWeGgA1K4gRLeo2b0E8a7I,,
v0402,Jacked Up Coffee,ChIJl5hZEAE1K4gRjLaTnJd6SdA,,
v0302,Chapel Bar,ChIJmxygiqZZwokRURJ_xHxXny4,,
v0308,City Papery,ChIJ77IqdYtZwokRAfjd65A2zx0,,
v0309,CKTL & Co.,ChIJ_UAgJRE1K4gRjH61bXK6pF4,,
v0310,Climax Books,ChIJd4XL0MxZwokREJGcQ45IfkE,,
v0312,common hours,ChIJG94_MzhZwokRYIgsVoZNT98,,
v0313,Common Things,ChIJp5j2-tZZwokRJNSvi-5NKtQ,,
v0321,Dana Foley NYC,ChIJqRiIJJ1ZwokRa6nca7ZWoCk,,
v0322,Dante Aperitivo Bar,ChIJ52cTNABZwokRBZD-02jLllw,,
v0323,Daphne,ChIJW9guGM00K4gRQmC01u3UnEI,,
v0325,Dashwood Books,ChIJHwq2RoVZwokR4Tlp8WRfoIE,,
v0326,David Zwirner,ChIJMf7Re8dZwokRJ0Nyj2IixlM,,
v0329,Delta Charlie,ChIJy_1i5lpZwokRAN49cl7ZefI,,
v0337,DUO NYC,ChIJh71RqZ1ZwokRuMt1PftFXEY,,
v0338,Duomo51,ChIJKRPD1K5ZwokRmyDXkfJPfqk,,
v0341,Edith Machinist,ChIJDWRNRoFZwokR5qxQE2jnWg0,,
v0344,El Pacho Coffee Roasters,ChIJEQ4LqpE1K4gRmsdIPXfAXsI,,
v0347,Embriago Coffee,ChIJIW02-Q5ZwokR3lDY6rBN29E,,
v0349,ENDING SOON,ChIJQcyfQIZZwokREEvkPWiRY4A,,
v0355,Fellini Coffee Meatpacking,ChIJKYbKCABZwokRt6RlaEpSEP4,,
v0360,Flamingo Vintage Kensington,ChIJeeicWmA1K4gRd8m10-UKXAM,,
v0365,Furnish Green,ChIJWwpM0KhZwokRL6K8C-UBZFo,,
v0366,George Bang Bang,ChIJ9_y2Cq9ZwokRuq4EQnlD98o,,
v0373,Grandma’s Dumpling House,ChIJo0udSBBbwokRXYNJw3F-tac,,
v0375,Green Kitchen 70th Street,ChIJadxohHRZwokRHvkUBnEH1Kw,,
v0388,Hide Rooftop,ChIJ0QUBXPNbwokRGC3ihVh2NP4,,
v0390,HiLot,ChIJKYLmc0FZwokRlAel5uqrrzk,,
v0392,Honeybrains,ChIJc889gXBbwokRPBVpKft5KG0,,
v0394,Housing Works Bookstore,ChIJSaRjC49ZwokR402Rpxj6i9Q,,
v0396,HOWOO,ChIJKQKwbmZZwokRVxnK_qg8GTE,,
v0409,John Devoy’s Bar & Kitchen,ChIJ8UqoBQBZwokR4_OGLJj9VPo,,
v0411,JuDam NYC,ChIJU-xiHAVZwokR4pE7ckhtfRI,,
v0413,Justine's on Hudson,ChIJ7-tNcahZwokRKSnDrdpnMK4,,
v0415,KABIN,ChIJMb9VKtRZwokROJ6W_ZVM-og,,
v0423,Komune,ChIJgwy7ObNZwokRwSGq5XrLBSE,,
v0424,Korin,ChIJIVUn1h5awokR07P2NK_cufQ,,
v0428,L Train Vintage,ChIJkX7e_p1ZwokROktrmLm2aYc,,
v0435,Laylak Lebanese Cuisine Toronto,ChIJj75GT37L1IkRRuIH0zAHm_A,,
v0449,lost gen vintage,ChIJga1z5es1K4gREtM4-VRqFoY,,
v0450,Lot28,ChIJmYFAe49ZwokROZMJ3kkC2CQ,,
v0454,Luckin Coffee,ChIJM4fINABZwokRZ0qc__CHT3A,,
v0457,Lê Phin,ChIJU_tU6kpZwokR-pX4kn5VSBA,,
v0459,Makari Japanese Antiques and Fine Art,ChIJUTZWv55ZwokRziTRRABhU_w,,
v0464,Marjorie's,ChIJkeU3YJsFdkgRaUnWPaoRyRQ,,
v0465,Maryam Nassir Zadeh,ChIJRcCJo4FZwokRpPaTiah9kiU,,
v0467,Matcha 108,ChIJJxvsEihbwokR1ahhOeBIs0s,,
v0468,McNally Jackson Books SoHo,ChIJwaHnQI9ZwokRvlECeQqpHdg,,
v0470,Milkweed Studios,ChIJ1-gCLABZwokRWwBFGp2LxYY,,
v0479,Mossop's Social House,ChIJ_QegyE7L1IkR7Wqc9Np6Qlc,,
v0480,Moxy NYC Chelsea,ChIJnZ6IScZZwokR6bdW6qeMr24,,
v0484,mộc mạc,ChIJDWMVZqxZwokRx25yDuIAEHA,,
v0495,November 19 Shop,ChIJp7ajTolZwokR-tDyAGQTgbc,,
v0498,Oi bozu,ChIJz03QBPNZwokRmBZxIq0pxJE,,
v0512,Pier 57,ChIJywJ318BZwokR4uWXUTbMRtc,,
v0522,Ray’s,ChIJKavF4jxZwokRph6HhofCKJY,,
v0523,Remedy Place Flatiron,ChIJhXiVU2hZwokRf4Fky0Z472w,,
v0527,Roasting Plant Coffee,ChIJa1pGa4dZwokRmvXVPD1jt_k,,
v0529,Rogue,ChIJxfh7V_BZwokRnmcACQD1unY,,
v0531,Rory's Rooftop,ChIJ8cV4ZrNZwokRmXum9urdUpg,,
v0535,Rosemary Home,ChIJpa9S8ylZwokRyjl0U0i266Y,,
v0541,SAMMARCO,ChIJ0UNUBYHL1IkRjgZDesimYzo,,
v0542,San Cafe,ChIJdZkUXABbwokRI5gSDnwaRM8,,
v0554,Simpl Cafe,ChIJGRt4unE1K4gRFjOGP7WvkqY,,
v0556,Smiley Coffee,ChIJ5e2P9K9ZwokRJyytdm_00Qw,,
v0561,Sorate,ChIJ3dBW9_dZwokR43yOR9TxvXE,,
v0567,Sunday Morning,ChIJpZSQbABZwokROfI_dac-9w8,,
v0569,Sunnys Chinese,ChIJZZpWSbg1K4gRSxIEN9mrN4Q,,
v0574,Sushi W - UWS,ChIJMUUPFIn3wokRwM0zT00XP1c,,
v0576,Sweet Linda,ChIJTSEOrsNZwokR8vHwFFdZla8,,
v0577,Sweet Pickle Books,ChIJ25C95N9bwokRwsG4Ih4ufNU,,
v0580,Tacos 101 and Fruta Libre,ChIJdXTe_YA1K4gR0FTaa2WGM4M,,
v0587,Teruko,ChIJK3dJNuRZwokRHRVRpjwGZ1U,,
v0593,The C Cafe & Wine,ChIJaRpLHABZwokRsp_koypS7DA,,
v0518,Public Arts,ChIJSXK5xg1ZwokRUWFey1ulBVk,,
v0595,The Domino Room,ChIJhdm6vUJZwokRVKrUOfS30rI,,
v0596,The Drama Book Shop,ChIJKwlmsKxZwokRfLTqxrJvDzY,,
v0603,The Marlton Hotel,ChIJuac4MpdZwokRPSTvSd3DmME,,
v0606,The Pastry Box,ChIJg0cFWRJZwokRXydzIHdwLJ0,,
v0611,"The Spa at Mandarin Oriental, New York",ChIJL83lHfZYwokR0G-mK20Avys,,
v0615,THISBOWL,ChIJnyekYIlZwokRVYZ6SndH_Ck,,
v0630,Uncle Vintage,ChIJXb_m60Y0K4gRuBaS9Wt1y34,,
v0633,Urban Catwalk,ChIJD_qo_8I0K4gRWIqpzISlSxo,,
v0635,Urbana Cafe and Gallery,ChIJ63ly5nlZwokR9tEeeucKRnA,,
v0639,Vereda Central Coffee Roasters,ChIJKaV7PAA1K4gR83qzKCEsLDY,,
v0640,Waiting on a Friend,ChIJxUgwtKhZwokRNb3gWsRneSw,,
v0644,Wild Cherry,ChIJs6BQxzZZwokRjAgyOvQHack,,
v0645,William White Emporium,ChIJS5Kob3FZwokRVbfOo2Gp5QM,,
v0648,yakuni,ChIJN0u8egBZwokRCM2XbebokuQ,,
v0649,Yamada,ChIJSdFphJdbwokRG3R5uMCxFt4,,
v0651,Yoon Haeundae Galbi,ChIJPw03jalZwokRmsrs0PAc1bo,,
v0655,Remi43 Flower & Coffee,ChIJN46bC-5ZwokR1rFV0BOS4BY,,
v0657,AIRE Ancient Baths New York · Upper East Side,ChIJ5StDm9JZwokRzcYuBMHP3iU,,
v0959,143 Social,ChIJ3QGBQHNRwokREp2WgOkWtuE,,
v0963,Coba Pizzeria,ChIJpRN4BABfwokRaFoz3jQ5zhc,,
v0964,GanBlaze,ChIJP8DBhlFhwokRNYw10D3xX8w,,
v0966,Lichen,ChIJp364gdtbwokRBjosnaBoGpc,,
v0967,Little Flower Cafe,ChIJs_GSrAxfwokRrXbHbDCmc5w,,
v0968,MOGMOG,ChIJP196UmFZwokR9HJCzWGczA4,,
v0970,PYO Chai,ChIJVWoFRWxfwokRX4ycCvKjGQs,,
v0971,Record Room,ChIJs9zFrSlZwokRaqr9sgbQ-7Y,,
v0972,Salty Lunch Lady's Little Luncheonette,ChIJd1wnL-dfwokRlYBRhDQwS80,,
v0974,Topos Bookstore Cafe,ChIJqz4FeCdcwokRgOU9y9R1Pow,,
v0560,Sora,ChIJRbloiWVZwokRIMGMhdMxwX0,,
v0011,Tigre,ChIJG4KsHWhZwokRy8XeIPr63_8,,
v0013,12 Matcha,ChIJYQM4uYJZwokRtU7IAZdSHZ0,,
v0015,Book Club Bar,ChIJwxHj5iBZwokR_pY9e5OhHNs,,
v0027,Café Lyria,ChIJcVcDbvVZwokRH9wq92JCQBo,,
v0031,Dialogue Coffee & Flowers,ChIJj1_yRahZwokRr6Ktp4IQ4Ew,,
v0051,Sip&Guzzle,ChIJ49KsB19ZwokR8VwrMbECQr8,,
v0067,Jean's,ChIJS9OS9sNZwokRx5r2iXYAk5E,,
v0091,Café Colmado,ChIJxes_BwBZwokRMzXp44W-WiQ,,
v0099,le gaz,ChIJvf6-ozRbwokRY7ybb9WlMLY,,
v0101,Manjul Coffee & Clothing,ChIJy5JIfwBZwokRax0td9_LgoA,,
v0112,Shy Shy,ChIJcfTvcRNZwokRQ3UeKNhGZt4,,
v0116,The Commerce Inn,ChIJ-SBoguRZwokRmTRHDYXw0EI,,
v0120,🧳 Paper Coffee,ChIJA5V7V69ZwokRNI_y14Yvu-w,,
v0121,313 VINTAGE,ChIJb2ydCQBZwokRGYICSUOmTqA,,
v0124,Arcane Estate Coffee,ChIJ-ZM95ipZwokRSpLxKOPMcvQ,,
v0133,Bar Kabawa,ChIJZy5-auNZwokRiindmTlEhpU,,
v0200,People’s,ChIJ0dd2agBZwokRCHdowOdremA,,
v0136,Below Stone Nest,ChIJ1aCwgtIEdkgR1AH7IgmKPGg,,
v0138,Birds,ChIJY14h-qVZwokRIXW9BIh5dBk,,
v0145,Bánh by Lauren,ChIJWdM0kLNbwokR1n6Qzn5c-IU,,
v0152,colbo,ChIJwd2Zq1JbwokRiwtZg82k2G8,,
v0156,Daintree,ChIJmVHFI3lZwokRwUUBEStdzF4,,
v0158,Do Not Disturb,ChIJ1fOC0E1ZwokRaawG2IpqBjk,,
v0161,East Village Books,ChIJdb3TbJ1ZwokRpN6S2dLmbyM,,
v0232,11:59 Bar:Café,ChIJ-7onLR01K4gRvTqT2wkjnCg,,
v0164,Elsie Rooftop & Penthouse,ChIJ0Q7xqoBZwokRkrPoL2Es1X0,,
v0166,ENLY,ChIJc0EmQ5tZwokReaQVdBEl2Ro,,
v0168,Fa San,ChIJdZkUXABbwokRI5gSDnwaRM8,,
v0172,Gem Home,ChIJJ_rCLwBZwokR_QgXjl5I8t0,,
v0176,Interlude Coffee & Tea,ChIJjQbSVABbwokRGSoyG_UuKg4,,
v0183,La Bomboniera,ChIJ6-o-bf9ZwokROEwgULEnMQE,,
v0186,L’industrie Pizzeria West Village,ChIJ92OsaJVZwokRsC54kf-J-3g,,
v0237,9/11 Memorial & Museum,ChIJRcvoOxpawokR7R4dQMXMMPQ,,
v0190,Mountain Beak Street,ChIJGXGPYsEFdkgRAIIfSSET698,,
v0255,Archie's Press,ChIJuWDIzqBZwokRYrwCECGnPBI,,
v0193,OASES,ChIJx2JkxxVZwokRQwS9pr0nrNk,,
v0195,Oslo Coffee Roasters (West Village),ChIJA6YpybdZwokR7GAR1rndWsI,,
v0293,Canoe,ChIJifrVXQBZwokR7G1KOWW_dgU,,
v0203,Pinky Swear,ChIJBXsM1G1ZwokReuZHJHD_SC4,,
v0207,Qahwah House W Village,ChIJZXnagSJZwokRWmfyaDj8KAE,,
v0211,ROOME,ChIJKXK8ypBZwokR9VsP07v3jZA,,
v0213,Seed Library NYC,ChIJx8MSQzxZwokRbNE3X96B84s,,
v0217,Spes,ChIJrfsxRXhZwokROJivqtCRKS4,,
v0219,St. George Coffee,ChIJq_TnR0pZwokRvrs_KNCyvTE,,
v0229,Urban Backyard,ChIJGSp2lvlZwokRJk_SrWPJYMI,,
v0240,Ace Hotel New York,ChIJT2h1HKZZwokR_Nwoxn8RfU0,,
v0243,AIRE Ancient Baths New York · Tribeca,ChIJ63NebSBawokRnDuPylB7t38,,
v0245,All Blues,ChIJdROsbwBbwokRHl54aM_rAsc,,
v0252,Anton Kern Gallery,ChIJS9Cog8dZwokRmLdw6PTyYZo,,
v0261,Bangkok Supper Club,ChIJvduhDjVZwokReg77D1pNQaQ,,
v0263,Bar Lina Soho,ChIJD5NSeBcFdkgRKpKcDFUuoZo,,
v0269,Beatbox,ChIJEUrN5lhZwokRCapBl6X3w4E,,
v0278,BRANDOR COFFEE,ChIJLTScdZQ1K4gRAssz48S08eg,,
v0286,Bánh Anh Em,ChIJDyMGAgBZwokRggrgBWarG0o,,
v0291,Caffe Paradiso,ChIJJR04UgBZwokRdIavUHMRFDI,,
v0297,Casa Magazines,ChIJ03m8b5VZwokRgRJ7tNp-CSk,,
v0300,Central Park,ChIJ4zGFAZpYwokRGUGph3Mf37k,,
v0304,Chopt,ChIJ7SnuW0xZwokRTjysX8gv9lQ,,
v0307,citizenM New York Bowery hotel,ChIJxwvJP4ZZwokRl6cJe-ZyZN4,,
v0311,Comal,ChIJ47moWdBZwokR2Ud_ilXR05E,,
v0320,Daily Ritual Cafe,ChIJoUwmcSPL1IkRpuy_sCMxLGA,,
v0330,Deluxx Fluxx,ChIJe-lFm_VZwokRpZ2tEFhS6f4,,
v0334,Don Don Korean BBQ,ChIJ5dMYw35ZwokRVcsrTbQDfeQ,,
v0339,Eat Offbeat,ChIJOxn5CkdZwokRikU4563HWAo,,
v1120,La Cabra,ChIJhXxIXildwokR8lM-ySNg4j0,,
v0351,Equinox Hotel New York,ChIJf-JE3ehZwokRXgoRYPxLMhA,,
v0352,Exile Vintage,ChIJsz21VcI0K4gRm5V7U7PMbo0,,
v0354,Fedora,ChIJ__84XZRZwokRizNTYzWHh6s,,
v0362,From Lucie,ChIJFylaePFZwokRfRdNdH7ujXI,,
v0370,Goldstruck Coffee,ChIJX_6idzA1K4gR678ma1xVFfU,,
v0374,Grant and Garbo,ChIJLfz3gd81K4gRkPlRZKv6Iqw,,
v0383,Haven,ChIJnaWk-Y5ZwokRJgKOOgyxJy8,,
v0382,Hauser & Wirth,ChIJZfiZaMdZwokRv14ZZ3Egb-Y,,
v0387,Hi-Note,ChIJI9YXVE1ZwokReoSNmmJkwWw,,
v0389,Highwater Rooftop,ChIJB7hsPRZawokRT_0UkYOFFMk,,
v0397,Humble Donkey,ChIJQ6GQ__c1K4gR5hw5gtZcT4I,,
v1213,Brooklyn Kura,ChIJnxaggMBawokRt7fWu0tvGBY,,
v0401,IndiCo Coffee Co.,ChIJm977xR5ZwokR1IlUEsz8laE,,
v0404,Jazz At Lincoln Center,ChIJXUWvz_dYwokRQ6xVCcp8qX0,,
v0412,Juicy Dumpling,ChIJo0udSBBbwokRXYNJw3F-tac,,
v0414,Kabawa,ChIJ685zLlZZwokRiEoiYj-Iyvg,,
v1334,Sunset Park,ChIJfWVm5LNawokRMvYNqC6zPgg,,
v0420,King of Kensington,ChIJd3hfBOE1K4gRkRKuTbyRXq0,,
v0422,KINTO STORE New York,ChIJWQ2BdEdZwokRTK675OI5PJA,,
v0434,Lara Koleji,ChIJU0tqOK1ZwokR97GCH3ZVwLI,,
v0436,Leader Trading/OSARA NEW YORK,ChIJxwvJP4ZZwokRbCuQoK97D_Y,,
v0437,Left Bank Books,ChIJU4op5j9ZwokRBfrzSrocrZA,,
v0442,Little Canal,ChIJEebNoSlawokRcf3d3BZhPzM,,
v0448,Lost boys vintage,ChIJd40uoJg1K4gRx3WxJi0BdqM,,
v0456,Luke's,ChIJjShmRi9ZwokR7VKgo8q0xJY,,
v0463,Mangetsu Speakeasy,ChIJS6KTH7RZwokRZuhBqAvrRWw,,
v0466,Master Pot,ChIJlwSmBTA1K4gRd4GKvYykexg,,
v0469,mika's direction,ChIJzRVTSLpZwokRM51nV3FaGHs,,
v0471,Miriam And Micah Vintage,ChIJfyKTVcI0K4gRul5Gt1hKzgs,,
v0473,Mister Paradise,ChIJrzFieCFZwokRKomv90hsLXE,,
v0477,Moonburger,ChIJZVWY-w9ZwokR06Dcl9GLicU,,
v0482,Music For A While,ChIJO2D3Is5ZwokRgFmYu_W5aD0,,
v0485,Nalata Nalata,ChIJ3dxJ_IRZwokRvhbPYi54EZE,,
v0488,NBetween,ChIJNyH9v5xZwokR_4GmWxuWfCw,,
v0493,Nine Cases,ChIJicdtzcJZwokRMWJLJoTQhPc,,
v0514,Pilot Coffee Roasters,ChIJ84vitCzL1IkRDT5wnL5MaBs,,
v0516,Playa Cabana Wellington,ChIJZwIcHDnL1IkRm613Chppk6w,,
v0524,Rescue Spa,ChIJq_BiKaJZwokRnj6wBp-SN7Y,,
v0526,Rex,ChIJ3bHceclZwokR0bc2uIf4TYg,,
v0530,Romeos,ChIJ5dKgkl1ZwokRVaLe0VlqPXg,,
v0540,Same Same Wine Bar,ChIJUb52YrNZwokR7AtC9Hl58SQ,,
v0544,Sartiano's,ChIJxTwfWrBZwokRU97l-w8CS18,,
v0546,Screaming Mimis Vintage,ChIJE-aTFL5ZwokRIzDRJwyX2zU,,
v0548,Sentir Vegan Mexican Restaurant,ChIJQ9y8yEdZwokRgpWwTbZ5u3w,,
v0551,Shibui Spa,ChIJkQxhg_VZwokRu69-xykT-IE,,
v0553,SHŌSH,ChIJ5da30XlZwokR7hYVJEUj40Y,,
v0555,Sleepy Pete's,ChIJQSTDJAw1K4gRw0kl41x_jOE,,
v0562,Space Vintage,ChIJS8aIHfE1K4gR91a7bigpln8,,
v1189,& Sons Buttery,ChIJr1kzvDdbwokR_DKdIwvXIUI,,
v0568,Sundays Pasta Lab,ChIJ5-QNFwA1K4gR9UB66ZcjjNE,,
v0573,Sushi Lab Rooftop,ChIJscH4RxpZwokRFIrk37HvBT8,,
v0581,Taishoken NYC,ChIJR3pwjHtZwokR6dkS9HYU6_I,,
v0584,Tawny,ChIJsfgaVxxbwokRfGPVeOIuvMs,,
v0586,Tenement Museum,ChIJ20bVJYdZwokRhI7esP3mYM0,,
v0589,Thayer,ChIJuaCMa_pZwokRPQlrp2ET9bc,,
v0591,The brick room,ChIJj_V6Fk7L1IkRRHnqaMeYj3E,,
v0620,Togyushi,ChIJ2ULuztdZwokRQcLBG3VmtJY,,
v0602,The Mandarin,ChIJwx32VexbwokRFDmC8xoRMvU,,
v0605,The Noodle Inn,ChIJgfsgLQAFdkgRZ5eIYfngCJw,,
v0609,The Rhymers' Club,ChIJ6fCoMABZwokRbyfPfNs_sT0,,
v0613,The Vintage Twin,ChIJ7enJLJtZwokRMgpX81KtClI,,
v0614,THE WELL New York,ChIJFQiEdQFZwokRNQ0D2cNpj04,,
v0617,Three Sheets Soho,ChIJxZHPBAAFdkgR-HXCu1vnNQM,,
v0628,Ugly Delicious Toronto,ChIJNz8b4Yc1K4gR-l3mXetKjRs,,
v0643,White Trash,ChIJ_dIPrJxZwokR4txPu7Nkpm4,,
v0647,Wu Wei Coffee,ChIJC-6YSAA1K4gRGDF2hvinVak,,
v0652,Yu & Me Books,ChIJW7aK_uNbwokR7OmleQaigQs,,
v0654,Zen Kyoto,ChIJu_T8M6_L1IkR8ysmnA8EUrc,,
v0660,Statue of Liberty,ChIJPTacEpBQwokRKwIlDXelxkA,,
v0975,Verse,ChIJD-V4AgBfwokRA9fa8LYFabI,,
v1256,GG's Social Trade & Treasure Club,ChIJQVZrRwVcwokRF5_8h3iicnQ,,
v1076,As you like,ChIJCbecnoVZwokRiMxQmAt9pxk,,
v1077,Carousel,ChIJS3GApRNdwokRQ5wdnB5qpDA,,
v1166,KIJITORA East,ChIJ75IC0XlZwokRV9rAhAJ3c8w,,
v1168,Liz's Book Bar,ChIJgQkzTvlbwokRCq9vl-v_NgI,,
v1176,Place des Fêtes,ChIJtx7ymGVbwokRzDZBJ8NVJz0,,
v1178,Quimby's Bookstore NYC,ChIJh92VBllZwokR02frzAmb3MA,,
v1180,Rhodora Wine Bar,ChIJCcgN9ZhbwokRhp2o_PJr4l0,,
v1184,Spoonbill & Sugartown Books,ChIJx8E1BF5ZwokRtRU5AGl19I0,,
v1187,The Center for Fiction,ChIJgf_deP5YwokR9lClGH8WEZQ,,
v1191,Again Vintage (home to SUBLIME Coffee & Plant Potions),ChIJXcVNo4VbwokRKMN5_z67i9Y,,
v1215,Brooklyn Vintage Company,ChIJw6jm6LxdwokR37Bt276VnYk,,
v1225,Ciao Ciao Disco,ChIJaRB4RaxZwokR4TQsOIWnEpg,,
v1233,Dayglow,ChIJp--TA6NdwokRrktWTTL2alw,,
v1240,Driggs Mercantile,ChIJ8YcWLFxZwokRwJVwGyl3Op4,,
v1244,Ebreo Vintage,ChIJJ_S9zzpZwokRUlYIUAqt0MQ,,
v1248,Enso Cafe,ChIJsyghTABbwokResNmLxwGAF8,,
v1255,Gertie,ChIJ1aKpNABbwokRIFh0cLCWP4w,,
v1266,Human Relations,ChIJPTJU2QNcwokRpSQf6TIRsz4,,
v1271,Kinhfolk,ChIJaTzsXABZwokRiYy4ILESKEw,,
v1277,La Bicyclette Bakery,ChIJ0QDyxnZZwokRQZteO0vPUXU,,
v1282,leaves,ChIJOz31d-JZwokROLP-0MsGh-Y,,
v1290,"Louis Valentino, Jr. Park and Pier",ChIJq3mMh4hawokR1Rl_U7p-K5c,,
v1298,Miski Cafe,ChIJU7_AxMRbwokRVw4_FwieFkQ,,
v1307,Pally,ChIJR45CcxNZwokR5Ju4mTlmlsQ,,
v1311,Prospect Butcher Co.,ChIJ23ll2DFbwokRK6Xb1n21pew,,
v1315,"RHYTHM ZERO, WILLIAMSBURG",ChIJxSNlflVZwokRKeKASsTJB-I,,
v1320,Saint Michel Cafe,ChIJe1ZX6whkwokRA4dh1WfGjw4,,
v1322,Saturn Road,ChIJN_uyy55bwokRzVyFQ6MUTZs,,
v1324,Selune Annex,ChIJP0b_VmpdwokR4nwDWhoc_WI,,
v1333,Studio Dem,ChIJia4fxAxfwokRk575FSzVz4U,,
v1339,Taqueria El Chato,ChIJpx9oNwBZwokRadMPBkSKnvY,,
v1348,Theodora,ChIJJye7jZBbwokRtioAck7uEIg,,
v1351,Til Death,ChIJLcTP_INdwokR4HPrvwP7byU,,
v1360,Velma Vintage,ChIJ7R4ntl9ZwokR1_pjZR7sonk,,
v1089,Twins Lounge,ChIJofE6JSBZwokRkOG-yB0pXns,,
v1090,usagi,ChIJn1K9TDJawokReSrf6lk1Xck,,
v1095,Cherry on Top,ChIJx6xAS4FdwokR0Lxbx7PlBEY,,
v1098,Elsewhere,ChIJrVAECUhfwokRsoEFM0dN67Q,,
v1099,House of Yes,ChIJ72D9N6tewokRyQSjsElG8x8,,
v1100,KIJITORA mini,ChIJ02sY7ydZwokRQNtTpmBywcc,,
v1101,Larry's Ca Phe,ChIJ1Qs_G2VZwokRrSq5NogbaG4,,
v1106,"RHYTHM ZERO, GREENPOINT",ChIJ_R0w0SRZwokRCUZlNLG9B-A,,
v1109,Vaux Vintage,ChIJS3EbFndZwokRInpccxCtTWY,,
v1111,With Others,ChIJPygkVEZZwokRKQzWA9zRYcA,,
v1112,10 ft Single by Stella Dallas,ChIJPWUjLVlZwokRYTvLEtNHztg,,
v1113,Artists & Fleas Market Williamsburg,ChIJY8xvoGdZwokRSf9g5zR8XKE,,
v1115,Awoke Vintage Brooklyn,ChIJ4aLhA15ZwokRkBFVFvMKmJY,,
v1117,Cafe Balearica,ChIJn9pEpsRZwokR0kE0SBuf1Vw,,
v1118,Frog,ChIJz89WhqRbwokRFdTyd50jkIg,,
v1119,Kettl Tea - Greenpoint,ChIJHVqM3eFZwokR8EULdHItPac,,
v1122,Loaf on Paper by niconeco zakkaya,ChIJl8WyQwBZwokRUCv20dsNXPg,,
v1123,Malin Landaeus,ChIJ91iO4F1ZwokRLZQwywUK0Tg,,
v1124,Maru Coffee,ChIJzSENMABZwokRTHg4SiagKLM,,
v1125,Molasses Books,ChIJPwMNNBtcwokRpqb-cnbs76s,,
v1127,Qahwah House Coffee,ChIJncEfclNZwokRbp1V57MpWxg,,
v1128,Radio Star,ChIJMVIviv5ZwokRZOz215uVhGo,,
v1129,Seven Wonders Collective (Williamsburg),ChIJqc6KlaJZwokReHbV99dK6c0,,
v1130,SORBARA’S,ChIJe71ykH5ZwokRXdqmQfin63s,,
v1134,Urban Jungle,ChIJMQcg0ANcwokRoM3AJoyxFsc,,
v1136,Anaïs,ChIJR9uKg5tbwokR-45Jeyx40ms,,
v1137,Ask For Janice,ChIJATHmaWVZwokRDCLWBIoq8ZU,,
v1138,Bar Blondeau,ChIJvz7ih4RZwokR2T3AC5NtWrY,,
v1141,Bedford Vintage,ChIJ4XP30wpZwokR3oLSZp7jKws,,
v1142,Black Spring Books,ChIJQ2dpiKZZwokRbvt2sv6vQZk,,
v1146,Dead Letter No. 9,ChIJX-L8A7NZwokRobldVSSNdJk,,
v1147,Desert Island,ChIJXbCxB1lZwokRTQDMk0spJPs,,
v1148,Dobbin St Vintage Co-op,ChIJCQx8zBtZwokRn-bRD3IjjqI,,
v1149,DOLORES,ChIJwYDDibRbwokR7p0WTQvV1Y8,,
v1151,Esse Taco,ChIJNcghJthZwokRbXz53Nk9gU4,,
v1152,Foster Sundry,ChIJsbUGbANcwokRnLsm5yKFtAg,,
v1155,Front General Store,ChIJO89klTNawokRtfxhZ4wVLSI,,
v1157,Grand Street Local,ChIJAQCUUWBZwokR_AfT8aSG3ek,,
v1159,Hide & Seek,ChIJ5x9XaIpZwokRl3nSTwXki6A,,
v1169,McNally Jackson Books Williamsburg,ChIJ7_CZzWBZwokRtnN6AuNPxGY,,
v1172,Montague Diner,ChIJc5j1BABbwokRA4csWdGzsU0,,
v1173,"Mya Coffee, Bakery and Wine Bar",ChIJDWxDjBRZwokRVX9GWagJ2-o,,
v1179,Radio Bakery,ChIJidmaBvdZwokRpeaRMeb_rX4,,
v1181,Saint Street Cakes,ChIJL8hU4KVbwokRi_tIJpA82oc,,
v1183,Sixteen Mill Bakeshop,ChIJJ2TPLnJbwokR0AeNp3yZN44,,
v1185,Stella Dallas Living,ChIJk4UK015ZwokRrsbQPfxWtIg,,
v1192,Alita Cafe,ChIJLxpyb6lZwokRcvSJwGIZg_Q,,
v1195,Archestratus Books + Foods,ChIJDYmQFT9ZwokR1bSFKsItm5o,,
v1197,Baby Blues Luncheonette,ChIJmz3KmbZbwokRRlxIMTmD00Q,,
v1198,BAR GOTO NIBAN,ChIJ4632-d9bwokRo_GqYoKmf8k,,
v1301,Monger's Palate,ChIJxdoUDE9ZwokR76dx0fzUOY0,,
v1202,Berry Home,ChIJsRM-PQtZwokRLrWghcbbzy4,,
v1203,Big Night,ChIJ6wTxnYBZwokRqHca8QUyWKk,,
v1208,Books Are Magic,ChIJOUoR41BawokR5s3MlYwVqyU,,
v1209,Books Are Magic,ChIJj4YVA0lbwokRthEyLlkGFG8,,
v1210,Botani Cafe,ChIJuTDdo_lbwokR_lHF8bVHU8A,,
v1221,Cafe Susanne,ChIJk5dLNQBbwokRXdDx07XsiKo,,
v1228,Close Friends,ChIJsWtyrHhZwokRA7Fxiva1u6k,,
v1230,Community Bookstore,ChIJ-W1PKAdbwokRhDG1VgLSckw,,
v1234,dear friend books,ChIJi2fRyMxbwokR6G8Op8EfbpY,,
v1235,Devoción,ChIJ99H-1bJbwokRU52Z-5Y-BDI,,
v1237,Dilly Dally,ChIJ9UbfyO1bwokRh11devTUnT4,,
v1239,Dobbin St. Vintage Co-op Corner Shop,ChIJCQx8zBtZwokRn-bRD3IjjqI,,
v1241,DUMBO Manhattan Bridge View,ChIJd9SPZTFawokRh9NpOTE-G5k,,
v1249,Entre Nous,ChIJYY61-rJbwokRMydDW_1Vs4A,,
v1250,Everybody Eats,ChIJl8AkhVVawokRZv4EvtEkWTs,,
v1252,Flower Cat,ChIJJT2fwKdZwokRA8epvwuvdL8,,
v1254,Frita Batidos Brooklyn,ChIJjzBW0rJZwokRKhq0ELlC_fM,,
v1259,Greenlight Bookstore (Fulton Street),ChIJjTxYtrFbwokRLcr7cM149Uo,,
v1265,HEADREST COFFEE,ChIJR9JkA_hdwokR5Y1kAgGHrlI,,
v1269,ippudo V Brookyln,ChIJK6ptFFVbwokR601x2txnoB0,,
v1272,Koi Omakase,ChIJSWqCsoJbwokR4sr-BlYWi08,,
v1274,L Train Vintage,ChIJRwLEXwFcwokRJvPeNr8kOtk,,
v1275,L Train Vintage,ChIJRwLEXwFcwokRJvPeNr8kOtk,,
v1281,Laser Wolf Brooklyn,ChIJLyS5dYRZwokRlkA0g9eijjs,,
v1285,LINC ORIGINAL MAKERS NEW YORK,ChIJF6QPUSpZwokR3ybimUuIJTw,,
v1287,Little Fino,ChIJbXxKVwBZwokR6KKerL3z96k,,
v1295,Maimoun,ChIJ30ixq3hZwokRXuTexWBzo-8,,
v1296,McNally Jackson Books Downtown Brooklyn,ChIJDSUF2NVbwokRgTKVYvaYPdo,,
v1297,MEILI Rooftop,ChIJ7_3mQABZwokRKrRL8Uy1Fic,,
v1300,Mociun Fine Jewelry & Home,ChIJnZMW2F9ZwokRGOicHTtZELc,,
v1302,Nako,ChIJg_UbL7dbwokR6om4KqNiFhM,,
v1305,Nomia,ChIJIeg7m1xZwokRrvzwhxzbZ6U,,
v1310,Plus de Vin,ChIJXS7DnARZwokR7U74X6NnHpQ,,
v1313,Raggedy Threads,ChIJk4lMAlhZwokRvJ-03VEYZcE,,
v1317,Rodeo,ChIJFbHCbs1bwokRPp3F9TTvVo8,,
v1318,Rugged Road & Co.,ChIJr_R1BF5ZwokRiGkMZn-iF2c,,
v1319,Saint Eves Cocktail Bar,ChIJmV1QVqhbwokR_ApUAo05bEE,,
v1323,Sawa,ChIJD87O1YJbwokR6lRmQ6nsIfU,,
v1325,Selva,ChIJMXG2IKFdwokRSNnbd7FNMHE,,
v1326,senti senti,ChIJR45uj3hZwokR6C6PVhoSBkY,,
v1327,Seven Wonders Collective (Greenpoint),ChIJqc6KlaJZwokReHbV99dK6c0,,
v1336,TALEA Beer Co - Williamsburg,ChIJ5TvP21FZwokRLFjbliEhRUc,,
v1337,TANGERINE,ChIJXWoA3vBZwokRKV5Ux-5oeek,,
v1343,The Ripped Bodice,ChIJPyEC6zdbwokRjJLnHctI-AM,,
v1344,The Sultan Room,ChIJA8spEXRdwokRCEKqSASypjU,,
v1347,The Word Is Change,ChIJt-jNd4ZbwokREiFzH3LFrec,,
v1349,three legged cat,ChIJWSJ1fbxZwokRohpU1WNpNpA,,
v1350,Tico's Cafetería,ChIJLyflQlVdwokRLJ2XuRRQTnA,,
v1352,Tired Thrift,ChIJh67AWMKLwokRBRA24bFDFRA,,
v1358,Unearth Vintage,ChIJAQgOgGBZwokRLlmBNDx7dAk,,
v1359,Unnameable Books,ChIJxWzqeqZbwokRRfuaT-IC6RQ,,
v1361,Venus in Tokyo,ChIJ_SHBvC1ZwokRCh8vozhbA0U,,
v1366,WORD,ChIJh1cMrUFZwokRWS1nhRXR2V8,,
