venue_id,name,google_place_id,photos_found,photos_uploaded,status,error
v0105,Posh Pop Bakeshop,ChIJOwDQ8ENZwokRDi3mvX-MKTM,10,4,success,
v0549,Seven Lives Tacos y Mariscos,ChIJIx7XScI0K4gRYemlb9GphUI,10,4,success,
v0205,PUBLIC Hotel,ChIJYY-OM4RZwokRvA7ECx3HRZw,10,4,success,
v0222,Teabowl,ChIJxVJZfgBZwokRPJhGH4SnywU,10,4,success,
v1251,Eyval,ChIJR9OEk_BdwokR9Qxlpi3I1ro,10,4,success,
v0227,TIME AGAIN,ChIJFbvsXD1bwokRxOjjQXFijcQ,10,4,success,
v0867,Poster House,ChIJ6UitwqRZwokR2UuUi8NrdAg,10,4,success,
v0683,Bridges,ChIJ5Q8Bl1NbwokRjuIXKz8OfRQ,10,4,success,
v0868,Leslie-Lohman Museum of Art,ChIJ1bAvpItZwokRaOvPH7FibmA,10,4,success,
v1411,Hungry Thirsty,ChIJMRzjDuVbwokRXPeo4rKGGjQ,10,4,success,
v0884,Mercury Lounge,ChIJQxzbx4NZwokRfWXvfisf3Eo,10,4,success,
v0684,Cervo's,ChIJp_UkrilawokRtDAS5sls7jo,10,4,success,
v1001,Ramro,ChIJY8R5brVfwokRsdTEqPSxuxY,10,4,success,
v1012,New World Mall Food Court,ChIJGSaOCgBhwokRKkUEm98zzO4,10,4,success,
v0313,Common Things,ChIJp5j2-tZZwokRJNSvi-5NKtQ,3,3,success,
v0322,Dante Aperitivo Bar,ChIJ52cTNABZwokRBZD-02jLllw,10,4,success,
v0890,Lincoln Center,ChIJN6W-X_VYwokRTqwcBnTw1Uk,10,4,success,
v0301,Chad Senzel,ChIJ4WJF2iBZwokR7K8aNX4BukI,8,4,success,
v0302,Chapel Bar,ChIJmxygiqZZwokRURJ_xHxXny4,10,4,success,
v0772,Aquihito,ChIJsX8SnElZwokRMfF55JXM77U,10,4,success,
v1444,Brooklyn Steel,ChIJ__8Pf01ZwokRyFh1eqIcjWk,10,4,success,
v0773,Nōksu,ChIJSfeOCf5ZwokRWuoMT5Kc6KY,10,4,success,
v1384,Bunny,ChIJmQ_VbpBbwokRZfBhNKWigEc,10,4,success,
v0587,Teruko,ChIJK3dJNuRZwokRHRVRpjwGZ1U,10,4,success,
v0402,Jacked Up Coffee,ChIJl5hZEAE1K4gRjLaTnJd6SdA,3,3,success,
v0685,Borgo,ChIJ_-Z-CM5ZwokRg9_1Gc4DrwA,10,4,success,
v0691,Eel Bar,ChIJR-3fRgBZwokRydblD5vGXe4,10,4,success,
v0702,Amor y Amargo,ChIJObMZS51ZwokR0ffmCsI0qFQ,10,4,success,
v1033,Port Sa’id,ChIJtc2oTDJZwokRQiktCdsm9VE,10,4,success,
v0766,Palermo,ChIJ8-hijY1ZwokRMGnbdHb3Sy4,10,4,success,
v0767,Sabor Argentino,ChIJ9cwwV3pZwokRxO_dx8koORY,10,4,success,
v0768,Le Chêne,ChIJU27ERwBZwokRk3qhQhv3juo,10,4,success,
v1060,Skyscraper Museum,ChIJYTeZ_BFawokRQzNFpOk4Bew,10,4,success,
v0501,Orsay,ChIJmxNuRpVYwokRHEkGRQ_trfc,10,4,success,
v0502,Pace Gallery,ChIJNY00lbdZwokR83atenEnYFw,10,4,success,
v0769,Kazumi Omakase,ChIJ1foP1jNZwokR7Kc8wAThdbU,10,4,success,
v0784,aRoqa,ChIJl2G-j7lZwokRhZJLl9Or-7w,10,4,success,
v0790,Secchu Yokota,ChIJ8-YKf4JZwokR8E9EvXIGnhI,10,4,success,
v1061,Jacques Marchais Museum of Tibetan Art,ChIJrzxHAfdLwokR0CqIJmr-3ZM,10,4,success,
v0791,Papa San,ChIJ05xWLABZwokRKCsPbbMahzo,10,4,success,
v0633,Urban Catwalk,ChIJD_qo_8I0K4gRWIqpzISlSxo,10,4,success,
v0822,Kiko,ChIJY7hwYABZwokRP4p7Cn1xues,10,4,success,
v0853,The Shed,ChIJk_pSnbZZwokRdaibM21XKbw,10,4,success,
v0854,Dia Chelsea,ChIJ0aak8MdZwokRR9vdzvuCBcQ,10,4,success,
v0855,Hill Art Foundation,ChIJncWBoyRZwokR55sMRqNUzBg,10,4,success,
v0701,Yawning Cobra,ChIJQUk0-zBZwokRqYgeblL9S6E,10,4,success,
v0801,Saint Urban,ChIJh7rW8llZwokR6yEA3sRVYlQ,10,4,success,
v0864,Aperture Foundation,ChIJJ_1gTrZZwokRiBSOzKxYpsk,10,4,success,
v1445,BAM (Brooklyn Academy of Music),ChIJvWHvIrJbwokRKL-U0Da1spM,10,4,success,
v1101,Larry's Ca Phe,ChIJ1Qs_G2VZwokRrSq5NogbaG4,10,4,success,
v0518,Public Arts,ChIJSXK5xg1ZwokRUWFey1ulBVk,10,4,success,
v1202,Berry Home,ChIJsRM-PQtZwokRLrWghcbbzy4,10,4,success,
v1203,Big Night,ChIJ6wTxnYBZwokRqHca8QUyWKk,10,4,success,
v1213,Brooklyn Kura,ChIJnxaggMBawokRt7fWu0tvGBY,10,4,success,
v1201,BEEPUBLIC,ChIJ845GdOxbwokR0LCUSl0nG00,10,4,success,
v0871,Nicholas Roerich Museum,ChIJCYAz0Dr2wokRe49DUpkvIL4,10,4,success,
v0919,Caffè Panna,ChIJpUwuIMNZwokRBlex2HAooM0,10,4,success,
v0973,The Miami Beach EDITION,ChIJqwcvS2Gz2YgRZvUavJEt-Vw,10,4,success,
v1395,Confidant,ChIJGWoBKrNbwokRYqGihCSHp0U,10,4,success,
v0992,Mắm,ChIJnbRm-4pZwokR7Mj1KC0tlxA,10,4,success,
v0998,Lechonera La Piraña,ChIJEe_u1LD1wokROGwc-ZKWQhE,10,4,success,
v1301,Monger's Palate,ChIJxdoUDE9ZwokR76dx0fzUOY0,10,4,success,
v1302,Nako,ChIJg_UbL7dbwokR6om4KqNiFhM,10,4,success,
v1422,El Pingüino,ChIJeUVN0a1ZwokRmL33czrgxWM,10,4,success,
v1428,Fausto,ChIJh0UvcqhbwokRSLfJGK9kNDg,10,4,success,
v0001,Rubirosa,ChIJs8MdNo9ZwokRTPUHiArLC-o,10,4,success,
v0560,Sora,ChIJRbloiWVZwokRIMGMhdMxwX0,2,2,success,
v0002,chloe.,ChIJvQ0mfQBZwokRupq3-2DU7Hg,10,4,success,
v0003,Bobo,ChIJn6dnQpRZwokRqXNiYx0ZzLw,10,4,success,
v0004,Georgie’s Cafe & Bar,ChIJG8Mc_oFZwokRYk2OAgdC2Ho,10,4,success,
v0005,Le Botaniste,ChIJu-aoeIlZwokRmbjuHy4Jt98,10,4,success,
v0006,The Butcher's Daughter,ChIJiYsEnohZwokR8oZK_TgmSjY,10,4,success,
v0007,abcV,ChIJxXrbJaJZwokRAAEnPk3AJh4,10,4,success,
v0008,Dante NYC,ChIJUw68EZJZwokRJ15RD_T4OTw,10,4,success,
v0009,Studio 151,ChIJ5UXURXdZwokR8bPSfFgCHjg,10,4,success,
v0010,The Django,ChIJ6wjtl4pZwokRC66KkQa9x9U,10,4,success,
v0011,Tigre,ChIJG4KsHWhZwokRy8XeIPr63_8,10,4,success,
v0012,Tomi Jazz,ChIJVcSnm-NYwokRnGivcMPc81Q,10,4,success,
v0013,12 Matcha,ChIJYQM4uYJZwokRtU7IAZdSHZ0,10,4,success,
v0014,Bodhi Kosher Vegetarian Restaurant,ChIJ9zpnPidawokRdhxyso6KXKw,10,4,success,
v0015,Book Club Bar,ChIJwxHj5iBZwokR_pY9e5OhHNs,10,4,success,
v0016,Bub's Bakery,ChIJK0OtSABZwokR-Bhujeconj8,10,4,success,
v0017,Dudleys,ChIJWQs914ZZwokRl55uI6owqC4,10,4,success,
v0018,La Lanterna di Vittorio,ChIJPxCEeZFZwokRzk5UghlXZWU,10,4,success,
v0019,Mezzrow,ChIJzYwpP5RZwokRk_zUBWseSBY,10,4,success,
v0020,Outer Heaven,ChIJYbxKJmlZwokRyaASxd_iOyw,10,4,success,
v0021,Silence Please,ChIJKedLcvFZwokRxKBOubB34lU,10,4,success,
v0022,Soda Club,ChIJzVWJIgVZwokRZzgRswAxIJY,10,4,success,
v0023,Spicy Moon West Village,ChIJZRP3DW9ZwokR6NnJ9PaMZxI,10,4,success,
v0024,Superiority Burger,ChIJ26fKep1ZwokRrPzNIqBj4xU,10,4,success,
v0025,The Ripple Room,ChIJqz6xTwBZwokRNvAKvJE8RV4,10,4,success,
v0026,Anixi Mediterranean Vegan Restaurant,ChIJaRynAtpZwokRfbYA0B4VJWs,10,4,success,
v0027,Café Lyria,ChIJcVcDbvVZwokRH9wq92JCQBo,10,4,success,
v0028,Café Maud,ChIJ09yg-llZwokRKAgp0jg6TCU,10,4,success,
v0029,Conwell Coffee & Cocktail Hall,ChIJgTMBOPtbwokR1Y0sSidhvqI,10,4,success,
v0030,Davelle,ChIJk1s5AIFZwokRymNr0rhKWFE,10,4,success,
v0031,Dialogue Coffee & Flowers,ChIJj1_yRahZwokRr6Ktp4IQ4Ew,10,4,success,
v0032,kalei nyc,ChIJ94M6rC9ZwokRQ3mA_a5U2KU,10,4,success,
v0033,Obvio Cocktail Bar Nomad,ChIJ9bckgAhZwokRukvfBql9KXk,10,4,success,
v0034,Planta Queen,ChIJj_rijkZZwokRpTRkbMwBRXk,10,4,success,
v0035,Please Don't Tell,ChIJb67-ZZ1ZwokRRxBYr3GlFp0,10,4,success,
v0036,St Jardim,ChIJQT7u80BZwokR5MLuGvTsBiY,10,4,success,
v0037,The Little Shop,ChIJpZd5uFtbwokROm9FtRhLhyQ,10,4,success,
v0038,Bar Pisellino,ChIJHUufNvVZwokRaO5ke5RQ46c,10,4,success,
v0039,Boris & Horton,ChIJG6_BbHZZwokRS6lKU3rCUtk,10,4,success,
v0040,Bungee Space,ChIJB9XoY3RZwokRycT87D2zX0g,10,4,success,
v0041,Employees Only,ChIJLztrVJNZwokRTmcQJheGNR4,10,4,success,
v0042,Good Thanks Cafe,ChIJlZ1jG6NZwokRQIXt47NzppA,10,4,success,
v0043,Hangawi,ChIJtSk6aqhZwokRAA7X1yq7onk,10,4,success,
v0044,Jajaja Mexicana,ChIJh-s4YNNZwokRKuwXrP5FHqY,10,4,success,
v0045,Jerrell's BETR BRGR,ChIJF6B55SxZwokRNvst8akDMi0,10,4,success,
v0046,L'Artusi,ChIJxwoiopRZwokRttz8Wb0-BLU,10,4,success,
v0047,Ladybird,ChIJdWfZe5FZwokR8k6hhjU5uQo,10,4,success,
v0048,Modern Bread and Bagel,ChIJ38ApNi1ZwokRtQP2nJLHp-c,10,4,success,
v0049,PARK at KIMS,ChIJk6s3kmNZwokRDaC2yy4A790,10,4,success,
v0050,San Marzano,ChIJP8Rym5xZwokRUIkeVZ-8Q-s,10,4,success,
v0051,Sip&Guzzle,ChIJ49KsB19ZwokR8VwrMbECQr8,10,4,success,
v0052,Stone Street Café,ChIJTXOfvSlZwokRN_ZPNFLRDdY,10,4,success,
v0053,Win Son Bakery,ChIJU1l5-65ZwokRz4BLoRd9WDs,10,4,success,
v0054,230 Fifth Rooftop Bar,ChIJ_1oyZaZZwokR1c-HIVJ3xzo,10,4,success,
v0055,ANDO patisserie,ChIJIUflsoxZwokRjZOVMKRhjWc,10,4,success,
v0056,Bar Valentina,ChIJX0vosYxZwokRtY2bPmyVmRQ,10,4,success,
v0057,Bubby's,ChIJETquaPVZwokRVYYGSKrg4E0,10,4,success,
v0058,By the Way Bakery,ChIJSeVlVYJYwokRjpt2QnPaflM,10,4,success,
v0059,Café-Flor / Bar 21,ChIJ_abIqHtZwokRLWbw0G-lzu8,10,4,success,
v0060,Cantina Rooftop,ChIJpfzLx09YwokRGSjUvvLy_Cw,10,4,success,
v0061,Coletta Italian Vegan Restaurant,ChIJhcaYBC5ZwokRnPUwEfUc8lU,10,4,success,
v0062,Dirt Candy,ChIJBXlte51ZwokRXzXtdaBG9xM,10,4,success,
v0063,DUCKSOUP,ChIJMzsTHtMEdkgRncIh8An44WM,10,4,success,
v0064,Funny Bar,ChIJ-WCFBVlZwokRC6us4Mh0YHk,10,4,success,
v0065,Hungry Llama,ChIJFXK3-LdZwokR41IAIP81AvM,10,4,success,
v0066,Jajaja Mexicana,ChIJp0gKoClawokR0txqrcaEkFc,10,4,success,
v0067,Jean's,ChIJS9OS9sNZwokRx5r2iXYAk5E,10,4,success,
v0068,Kesté Pizza e Vino,ChIJ6ffdpJNZwokRmcafdROM5q0,10,4,success,
v0069,Le Dive,ChIJo4XQ00RbwokRomqfPVik1s4,10,4,success,
v0070,Mandrake Café,ChIJ5z8misBZwokRfDSfGVaw3js,10,4,success,
v0071,Mr. Purple,ChIJsWUw5YNZwokR141Cz0g9XSw,10,4,success,
v0072,Orchard Grocer,ChIJAQReQIdZwokR1rcwiar_XqM,10,4,success,
v0073,Paquita,ChIJ1YjjIR5ZwokR64A4lzzR84g,10,4,success,
v0074,Parcelle Chinatown,ChIJI3VG1kxYwokRECoJD1lSvSY,10,4,success,
v0075,Pastis,ChIJ8U_F9b9ZwokRTaHyDKWRNSg,10,4,success,
v0076,Pause Cafe,ChIJxwwfGoJZwokRdkYwAaTplOg,10,4,success,
v0077,Prince Street Pizza,ChIJ6xvs94VZwokRnT1D2lX2OTw,10,4,success,
v0078,Skin Contact,ChIJu2qqwwJZwokR_VbX5-UgL9s,10,4,success,
v0079,Spicy Moon East Village,ChIJ7x3Pe11ZwokRLpfe6va9dqs,10,4,success,
v0080,Tera,ChIJp1D1GABbwokRGv6SieCkj1U,10,4,success,
v0081,The Back Room,ChIJnY19HoFZwokRfs9FwDLVRKw,10,4,success,
v0082,The Dead Rabbit,ChIJIRiJaRRawokR2KyQ984qa-o,10,4,success,
v0083,The Devonshire,ChIJsc95TQcFdkgRDgDjFkIJCz8,10,4,success,
v0084,Veselka,ChIJlxDiXJxZwokRp4HHbeYqXXU,10,4,success,
v0085,Wild,ChIJeVPytJRZwokRYDd-Jd2nO_w,10,4,success,
v0086,Zinc Bar,ChIJLbpJopFZwokRLqIadMHGxLs,10,4,success,
v0087,Apotheke Chinatown,ChIJNxEu8SZawokRARkMLjXhyBY,10,4,success,
v0088,Bar Bianchi,ChIJv_AHlm1ZwokRcPCZsaL2qlQ,10,4,success,
v0089,Bar Crispin,ChIJE6-tG_gFdkgRkfw9f0Ruknc,10,4,success,
v0090,Binx,ChIJnVTBZQBZwokR_e07ztqL870,10,4,success,
v0091,Café Colmado,ChIJxes_BwBZwokRMzXp44W-WiQ,10,4,success,
v0092,"Complete Cafe, LLC",ChIJrxo4GABbwokRuo7wgcXbj7w,10,4,success,
v0093,Delice & Sarrasin,ChIJjRH1HZRZwokRCnkilVd-0iE,10,4,success,
v0094,Divya's Kitchen,ChIJw9mreINZwokREKVy9DT1lro,10,4,success,
v0095,Do Not Feed Alligators,ChIJx3Lned1ZwokRHpVK3qlZZMA,10,4,success,
v0096,Double Zero,ChIJKSl_sYRZwokR3um3j1y9oFc,10,4,success,
v0097,El Camino,ChIJta8wQABZwokRJIHwv_5Wv3c,10,4,success,
v0999,Shaw-nae’s House,ChIJZ5_CZk5PwokR0BV6d5x9DLU,10,4,success,
v0098,La Cabra,ChIJT994RulZwokRdgqQX0zc3QY,10,4,success,
v0099,le gaz,ChIJvf6-ozRbwokRY7ybb9WlMLY,10,4,success,
v0100,LOS TACOS No.1,ChIJsdNONuFbwokRLM-yuifjb8k,10,4,success,
v0101,Manjul Coffee & Clothing,ChIJy5JIfwBZwokRax0td9_LgoA,10,4,success,
v0102,Monarch Rooftop,ChIJaQjMZqlZwokRfRT10O37aoQ,10,4,success,
v0103,MONO+MONO,ChIJeYoRRYNZwokRMAtxzfUoRao,10,4,success,
v0104,Papa d’Amour,ChIJ9XHBcQBZwokRkNC7Va5Sa9E,10,4,success,
v0106,"RHYTHM ZERO, WEST VILLAGE",ChIJHZO-cABZwokRP3Gty-exVkU,10,4,success,
v0107,Risotteria Melotti NYC,ChIJbQgCr5xZwokRBmlnO8GS5Ug,10,4,success,
v0108,Ruffian,ChIJHfvtRp1ZwokREpFE8Z1BEKs,10,4,success,
v0109,Senza Gluten,ChIJ03Ng85FZwokRAn7njPV6FfA,10,4,success,
v0110,Senza Gluten by Jemiko - 100% Gluten Free Cafe & Bakery,ChIJM95IwLZZwokRpZhaBV9TlYY,10,4,success,
v0111,Seven Dials Market,ChIJD4dBYbgFdkgRv99UblXvkYw,10,4,success,
v0112,Shy Shy,ChIJcfTvcRNZwokRQ3UeKNhGZt4,10,4,success,
v0113,Sonnyboy,ChIJlWIymCBZwokRQMYxkk_fBmE,10,4,success,
v0114,Stafili Wine Cafe,ChIJHyOj9stZwokR6ZD9u3R7jDE,10,4,success,
v0115,Sullaluna,ChIJ_5hz2klZwokRHWSfBldfUdQ,10,4,success,
v0116,The Commerce Inn,ChIJ-SBoguRZwokRmTRHDYXw0EI,10,4,success,
v0117,THE ELK,ChIJpYdmWetZwokRRuyT1SH44qk,10,4,success,
v0118,The Odeon,ChIJS-u0mB9awokRZ7H0sa9Oy-U,10,4,success,
v0119,Ye's Apothecary 夜莺,ChIJ1_H0xoxZwokRiSYkMa5Mnqk,10,4,success,
v0120,🧳 Paper Coffee,ChIJA5V7V69ZwokRNI_y14Yvu-w,10,4,success,
v0121,313 VINTAGE,ChIJb2ydCQBZwokRGYICSUOmTqA,10,4,success,
v0122,Ahimsa,ChIJg4jKh51ZwokRsLENy4UhWdA,10,4,success,
v0123,Alabaster Bookshop,ChIJpTRUPJlZwokRtFv10EUtj-k,10,4,success,
v0124,Arcane Estate Coffee,ChIJ-ZM95ipZwokRSpLxKOPMcvQ,10,4,success,
v0125,Ariston Coffee Bar,ChIJK0FlVPNZwokR2waVBj-VHko,10,4,success,
v0126,Art Bar,ChIJcUtKK75ZwokR4n1SDLiQPoc,10,4,success,
v0127,Arthur's Tavern,ChIJjZlBgJNZwokRVeIhxDdROqw,10,4,success,
v0128,Augusta Coffee Bar,ChIJ01nLKYhZwokR59aeGeGrmq0,10,4,success,
v0129,Azul on the Rooftop,ChIJa-4UA_NZwokREtU5qBdnMKg,10,4,success,
v0130,BabySips,ChIJBUoUBBtZwokRoH9ZV7FA9RA,10,4,success,
v0179,JIMMY,ChIJ45clTQBZwokRXt97y11W1bw,10,4,success,
v0131,Banter NYC,ChIJY51bxcFZwokRiIS_lmEqeSE,10,4,success,
v0132,Banter NYC - West Village,ChIJY51bxcFZwokRiIS_lmEqeSE,10,4,success,
v0133,Bar Kabawa,ChIJZy5-auNZwokRiindmTlEhpU,10,4,success,
v0134,Bar Room at the Beekman,ChIJw0ol8QFbwokR6-65pS8JSDk,10,4,success,
v0200,People’s,ChIJ0dd2agBZwokRCHdowOdremA,9,4,success,
v0135,Bedford Studio,ChIJa-zNLBtZwokR-8LeaSW3r0Q,10,4,success,
v0136,Below Stone Nest,ChIJ1aCwgtIEdkgR1AH7IgmKPGg,10,4,success,
v0137,Berenjak Soho,ChIJm2ZLEzMFdkgRZrDcaZENVrw,10,4,success,
v0138,Birds,ChIJY14h-qVZwokRIXW9BIh5dBk,10,4,success,
v0824,Little Branch,ChIJjY7y6ZJZwokRXF5CA_X4l-I,10,4,success,
v0139,Bleecker Street Pizza,ChIJrXXKn5NZwokR78g0ipCnY60,10,4,success,
v0140,Blind Barber,ChIJafC4qXdZwokRjSS6NXfyLxM,10,4,success,
v0141,"BOTTINO, modern italian dining",ChIJ1cNYebdZwokRKz1AZTh5wVE,10,4,success,
v0142,Bubala Soho,ChIJ1dnslv0FdkgR1P_tKcf2Y-E,10,4,success,
v0143,Buddy's,ChIJp1830WNZwokR9fZCL5rf9mw,10,4,success,
v0144,Butterdose,ChIJMTG9-6BZwokRvB2NN1nodhA,10,4,success,
v0145,Bánh by Lauren,ChIJWdM0kLNbwokR1n6Qzn5c-IU,10,4,success,
v0146,Café Habibti,ChIJSyXaSrJZwokRORr9W165phU,10,4,success,
v0147,canteenM,ChIJo02rP4ZZwokRRbYZMk9lyd8,10,4,success,
v0148,Carmine's - Upper West Side,ChIJrXva_oJYwokROtv_EdGJgH0,10,4,success,
v0149,Cellar Dog,ChIJhWENSQ1ZwokRuuh2eZNUUSc,10,4,success,
v0150,Cha-An,ChIJK_ojbpxZwokR6hv_SRNgG9Q,10,4,success,
v0151,Clinton St. Baking Company,ChIJ4Q2rG4JZwokR8TVjhflNfMk,10,4,success,
v0152,colbo,ChIJwd2Zq1JbwokRiwtZg82k2G8,10,4,success,
v0153,Coming Soon,ChIJUWNTySlawokRFApT4_EDvv8,10,4,success,
v0154,COTE Flatiron,ChIJQ1R3hKNZwokRQM4wbIrc00o,10,4,success,
v0774,Le Vin Coeur,ChIJVUy4WwBZwokR9nHye_VblD8,10,4,success,
v0155,Crown Shy,ChIJ__9LNBZawokREnkOiVx7ydc,10,4,success,
v0156,Daintree,ChIJmVHFI3lZwokRwUUBEStdzF4,10,4,success,
v0157,Derby Cup Coffee,ChIJMXRqFABbwokROtpA2HMbqL8,10,4,success,
v0158,Do Not Disturb,ChIJ1fOC0E1ZwokRaawG2IpqBjk,10,4,success,
v0159,Duo Cafe,ChIJ7WHiw8NZwokRcBER8ZksOJk,10,4,success,
v0160,Early Terrible New York City,ChIJU4WGzV1ZwokR9mZOMy7xz7E,10,4,success,
v0161,East Village Books,ChIJdb3TbJ1ZwokRpN6S2dLmbyM,10,4,success,
v0162,Edna + Vita,ChIJ0YO8-mA1K4gRpluiDNMl14s,10,4,success,
v0232,11:59 Bar:Café,ChIJ-7onLR01K4gRvTqT2wkjnCg,10,4,success,
v0163,Electric Lemon,ChIJIXPGRZtZwokRlob1QzvXcO4,10,4,success,
v0164,Elsie Rooftop & Penthouse,ChIJ0Q7xqoBZwokRkrPoL2Es1X0,10,4,success,
v0165,Elvis,ChIJ7YfBUgBZwokRd88LamATlVg,10,4,success,
v0166,ENLY,ChIJc0EmQ5tZwokReaQVdBEl2Ro,10,4,success,
v0167,ESSX NYC,ChIJH9V1IMNZwokRb4USgw5yDZo,10,4,success,
v0168,Fa San,ChIJdZkUXABbwokRI5gSDnwaRM8,10,4,success,
v0169,FIKA Cafe,ChIJs09aUcI0K4gR6phtG366G4g,10,4,success,
v0170,FILM CAFE,ChIJ__8jD8I0K4gRi_2Tc1Ltx8M,10,4,success,
v0171,Friedman's,ChIJUQz7Iq9ZwokR9GUmlcrIeGs,10,4,success,
v0172,Gem Home,ChIJJ_rCLwBZwokR_QgXjl5I8t0,10,4,success,
v0173,Grasso,ChIJRcG-rBEbdkgR9SUVxepVY0I,10,4,success,
v0174,Gus Tacos,ChIJWUpaBEA1K4gRd0srLYA4y0M,10,4,success,
v0175,Happy Medium,ChIJ8x4nPnRbwokRozC-WjZ0VMI,10,4,success,
v0176,Interlude Coffee & Tea,ChIJjQbSVABbwokRGSoyG_UuKg4,10,4,success,
v0177,Jac's on Bond,ChIJRVNhqddZwokRtdYJh-uBlCY,10,4,success,
v0178,Jeffrey's Grocery,ChIJY8IyGJRZwokRW30RUHjKLBU,10,4,success,
v0180,KIJITORA E14th,ChIJiyUu4NpZwokRrlpJTSvIiRY,10,4,success,
v0181,Kiln,ChIJ_7nqbtQEdkgRuNOUsTUwfTI,10,4,success,
v0182,Kopitiam,ChIJCSo-rSlawokRXSVW0IKZ3vQ,10,4,success,
v0183,La Bomboniera,ChIJ6-o-bf9ZwokROEwgULEnMQE,10,4,success,
v0184,Locanda Verde Hudson Yards,ChIJV09-awBZwokROld1G3kx0e4,10,4,success,
v0185,LOS TACOS No.1,ChIJUybmBDpZwokR1WuwgSaYkr8,10,4,success,
v0186,L’industrie Pizzeria West Village,ChIJ92OsaJVZwokRsC54kf-J-3g,10,4,success,
v0187,MADE RITE COFFEE,ChIJ6WFHd3w1K4gRerr6HGTIzO4,10,4,success,
v0237,9/11 Memorial & Museum,ChIJRcvoOxpawokR7R4dQMXMMPQ,10,4,success,
v0188,Mast Books,ChIJBXpzwIJZwokRhOAu4SUGDds,10,4,success,
v0189,Moonflower,ChIJ9TpnlMtZwokRJJQ_AJbVcnY,10,4,success,
v0190,Mountain Beak Street,ChIJGXGPYsEFdkgRAIIfSSET698,10,4,success,
v0191,Nish Nush,ChIJ0zTkax9awokRgH4QnXxcRSc,10,4,success,
v0255,Archie's Press,ChIJuWDIzqBZwokRYrwCECGnPBI,10,4,success,
v0192,Nubeluz,ChIJ9-eEoEZZwokRdmywtful4C8,10,4,success,
v0193,OASES,ChIJx2JkxxVZwokRQwS9pr0nrNk,10,4,success,
v0194,Old Mates Pub,ChIJ18arQwBbwokRzYO8n-65f_s,10,4,success,
v0195,Oslo Coffee Roasters (West Village),ChIJA6YpybdZwokR7GAR1rndWsI,10,4,success,
v0196,outro nyc,ChIJlQHSEplZwokRvhA5XFQlX_A,10,4,success,
v0197,"P&T Knitwear Bookstore, Coffee, & Podcast Studio",ChIJublUE8dZwokRc87bQmHj5Cw,10,4,success,
v0198,P.S. Kitchen,ChIJhWjFglZYwokR755nbhxKDlo,10,4,success,
v0199,Partners Coffee West Village,ChIJXeEtRpRZwokRiB3XgC8ccO0,10,4,success,
v0293,Canoe,ChIJifrVXQBZwokR7G1KOWW_dgU,10,4,success,
v0201,Pera Cafe,ChIJpUj35B01K4gRwiuM9mvnF6M,10,4,success,
v0202,Pimbeche Vintage,ChIJ1XxC5ItZwokRITvkxhLVuRA,2,2,success,
v0203,Pinky Swear,ChIJBXsM1G1ZwokReuZHJHD_SC4,10,4,success,
v0204,Project Seoul,ChIJ14swXAA1K4gR57BtRMSAjYY,10,4,success,
v0775,Bartolo,ChIJh6WuOgBZwokR8Lm6IOFKk7A,10,4,success,
v0206,Punjabi Deli,ChIJKW0UuoNZwokR4UGiSYGYMPE,10,4,success,
v0207,Qahwah House W Village,ChIJZXnagSJZwokRWmfyaDj8KAE,10,4,success,
v0208,Ribalta,ChIJybOUCJlZwokRxiXBjbhX-iA,10,4,success,
v0209,Rita's,ChIJoddM1nEFdkgRsNOAoG3mIhA,10,4,success,
v0210,Ronnie Scott's,ChIJVwS659IEdkgRkDBpUYSalUc,10,4,success,
v0211,ROOME,ChIJKXK8ypBZwokR9VsP07v3jZA,10,4,success,
v0212,Scarr's Pizza,ChIJOUqatilawokRguvFSj0wX7Y,10,4,success,
v0213,Seed Library NYC,ChIJx8MSQzxZwokRbNE3X96B84s,10,4,success,
v0214,Seven Grams Caffe,ChIJDSt_qGNZwokRE37U82AeGso,10,4,success,
v0215,Sojourn Social,ChIJl78kIRlZwokR0Pz-hGyp5VQ,10,4,success,
v0216,SOMA Soho,ChIJk-Pwqj8FdkgRsRgIlFZ8FNU,10,4,success,
v0217,Spes,ChIJrfsxRXhZwokROJivqtCRKS4,10,4,success,
v0218,Springbone Kitchen,ChIJo57dmJFZwokRBm37jca0gak,10,4,success,
v0219,St. George Coffee,ChIJq_TnR0pZwokRvrs_KNCyvTE,10,4,success,
v0220,Subject: A Cocktail Bar,ChIJ98DPPIJZwokRLqsdDDnOPs8,10,4,success,
v0221,Sud Forno,ChIJ9aQs5zLL1IkRtK-gP0RXd_0,10,4,success,
v0223,Terroni,ChIJT1kRzTPL1IkRqYD-w3lcprg,10,4,success,
v0224,"The DL, Best Rooftop Lounge NYC",ChIJx-YCLIdZwokRWxdzML7Ogw4,10,4,success,
v0225,The Hideout Chai Bar,ChIJv_6WmoZZwokRbuo1pyegDRE,10,4,success,
v0226,The Ten Bells,ChIJPeCaOIdZwokRXr36ali2z_k,10,4,success,
v0228,Upside Pizza,ChIJJ4RaxFlZwokRPhaSd7t35H0,10,4,success,
v0229,Urban Backyard,ChIJGSp2lvlZwokRJk_SrWPJYMI,10,4,success,
v0230,Verlaine,ChIJAzc6R4FZwokRMn58slNezoQ,10,4,success,
v0231,Willow Vegan Bistro,ChIJqUGvc69ZwokRZWIOmHlWyyk,10,4,success,
v0233,192 Books,ChIJp2ZWXbhZwokRLu509djcZu4,10,4,success,
v0234,4 Charles Prime Rib,ChIJ-7AOKpRZwokRMq0XnG_eehU,10,4,success,
v0235,787 Coffee,ChIJRWo8v4RZwokRbggnxWmoWpA,10,4,success,
v0236,7th Street Burger East Village,ChIJZYCXM9FZwokRJPSwZbTCvZk,10,4,success,
v0238,99 Favor Taste,ChIJ6cK8modZwokRTHEfaD9uzAY,10,4,success,
v0239,A Pasta Bar,ChIJcwRwc4tZwokR2sPvWN0r3h8,10,4,success,
v0240,Ace Hotel New York,ChIJT2h1HKZZwokR_Nwoxn8RfU0,10,4,success,
v0241,Adore,ChIJoYyj68NZwokRT8xVxxpdccg,10,4,success,
v0787,Arthur and Sons,ChIJw2RCuSZZwokRVt7nWZNROm0,10,4,success,
v0242,Ahgassi Gopchang Korean BBQ,ChIJjc7gVtxZwokRN3Fzss0eS4g,10,4,success,
v0243,AIRE Ancient Baths New York · Tribeca,ChIJ63NebSBawokRnDuPylB7t38,10,4,success,
v0244,Albertine,ChIJe8TwIpRYwokRbZVYCpL0UWo,10,4,success,
v0245,All Blues,ChIJdROsbwBbwokRHl54aM_rAsc,10,4,success,
v0246,Altro Paradiso,ChIJm3rL5YxZwokRWk_MgQ_fuAk,10,4,success,
v0247,Amano Cafe,ChIJQeNfnQ9ZwokRl84N7A2loNs,10,4,success,
v0248,Amano Italian Kitchen,ChIJK3fbStM0K4gRhE-e8Doh1ow,10,4,success,
v0249,"Amélie West Village Restaurant, Bistro & Wine Bar",ChIJja0-KpdZwokRuOHSWneCBxE,10,4,success,
v0250,Andrew Edmunds,ChIJjeMJk9QEdkgR6iY7FEC1--Y,10,4,success,
v0251,"Angelina Paris New-York - Bryant Park, Tearoom",ChIJd19uAMhZwokRmdYBmRJJ08s,10,4,success,
v0252,Anton Kern Gallery,ChIJS9Cog8dZwokRmLdw6PTyYZo,10,4,success,
v0253,Antoya Korean BBQ,ChIJAQAE4ahZwokRhGsJIi1HqYU,10,4,success,
v0254,Aquelarre Shop,ChIJnzHWrtS5woARbg75HL247Lg,5,4,success,
v0256,Assembly New York,ChIJpx9D54NZwokRMyH2wAvb8P8,10,4,success,
v0257,Au Cheval,ChIJt_HATrRbwokREfGhs1PnzwQ,10,4,success,
v0258,Balthazar,ChIJt7fMLIlZwokRCRtM9bNDg78,10,4,success,
v0259,Bancone Golden Square,ChIJuToYmz8FdkgRSO2AahYDi0A,10,4,success,
v0260,Bandits Burger + Dive,ChIJO_Nbh4lZwokR1-EspAqsGLM,10,4,success,
v0261,Bangkok Supper Club,ChIJvduhDjVZwokReg77D1pNQaQ,10,4,success,
v0262,BAR GOTO,ChIJYYa4bIRZwokRfF05m4Pogfw,10,4,success,
v0263,Bar Lina Soho,ChIJD5NSeBcFdkgRKpKcDFUuoZo,10,4,success,
v0264,Bar Revival,ChIJi7he5vpZwokRpyaPR5yZplY,10,4,success,
v0265,Bar Termini,ChIJ7zNxmNIEdkgR-59PV4KAVhg,10,4,success,
v0266,Bar Tizio,ChIJBc8Bim9ZwokR6aNW-GNSOg4,10,4,success,
v0267,Barrafina Dean Street,ChIJqeYp3NIEdkgRl9hMI8pRL8U,10,4,success,
v0268,Bartley Dunnes,ChIJOT172pJZwokRrp291yOIT_w,10,4,success,
v0269,Beatbox,ChIJEUrN5lhZwokRCapBl6X3w4E,10,4,success,
v0270,"Bella Union, Rooftop Bar",ChIJhWLyL1FZwokRq5e_w2IWYx0,10,4,success,
v0271,Benvenuto Cafe,ChIJYQETKB5awokRuT9t2AwszRM,10,4,success,
v0272,Berlin,ChIJiaPprINZwokR2C1kGvUYBfQ,10,4,success,
v0273,Birdland Jazz Club,ChIJdc9EhVNYwokR-naSYfm_Urc,10,4,success,
v0274,Birria Catrina,ChIJDZlcKgc1K4gRweSuh9DK_Oc,10,4,success,
v0275,Bistango,ChIJr2lx0_xYwokR8TKjMpDfSKI,10,4,success,
v0276,Bite,ChIJ8eXrnqRZwokREN2nrNaOCn0,10,4,success,
v0277,Black Cat LES,ChIJjW5AuIFZwokRdNPH7jFGigM,10,4,success,
v0278,BRANDOR COFFEE,ChIJLTScdZQ1K4gRAssz48S08eg,10,4,success,
v0279,Brandy Library,ChIJk7o2RPVZwokRYnzP1CplFKk,10,4,success,
v0795,Lord's,ChIJ-XcRtjdZwokRMcgZdhVjqYg,10,4,success,
v0280,Breakfast by Salt's Cure,ChIJD5S2xrdZwokR-Co72baJxZ4,10,4,success,
v0281,Broken Shaker,ChIJTTtwCEFZwokRB8wxT3vyYdU,10,4,success,
v0282,Brooklyn Bridge,ChIJ41U-c_ZbwokRnOGug5xZbys,10,4,success,
v0283,Butler Bakeshop & Espresso Bar,ChIJXQzMABtZwokRzQOuqFYxgUY,10,4,success,
v0284,Butter Smashburgers,ChIJu9uJ1-FZwokRjUdfc6E-tJE,10,4,success,
v0285,By the Way Bakery,ChIJCT3jrb1YwokRvuD50zqFjss,10,4,success,
v0286,Bánh Anh Em,ChIJDyMGAgBZwokRggrgBWarG0o,10,4,success,
v0287,C&B,ChIJ-8gYH3hZwokRJNHxXE62MOs,10,4,success,
v0288,CAFE 2BY2,ChIJsQRP-h5ZwokRDlo_A3pfjCg,10,4,success,
v0298,Casa Morales,ChIJqTWeGgA1K4gRLeo2b0E8a7I,10,4,success,
v0289,Cafe Ambrosia New York,ChIJ2z7wnbNZwokRG2yRG-3vIUs,10,4,success,
v0290,Cafe Fiorello,ChIJs4mykPVYwokRfQShiIGQbqE,10,4,success,
v0291,Caffe Paradiso,ChIJJR04UgBZwokRdIavUHMRFDI,10,4,success,
v0292,Cahoots Underground,ChIJ-2mrB9UEdkgReKgh9HDC-7s,10,4,success,
v0294,Cantina Mercatto,ChIJ611BRcDL1IkRPwe1vH4m72o,10,4,success,
v0295,Canto West Village,ChIJlQeGjx9ZwokR__TUhlvg-Cg,10,4,success,
v0296,Carbone New York,ChIJmSvG_ZFZwokRTOFeiLXzkmA,10,4,success,
v0297,Casa Magazines,ChIJ03m8b5VZwokRgRJ7tNp-CSk,10,4,success,
v0299,Castell Rooftop Lounge,ChIJj93R-8RZwokRQzBZQ1QDoLA,10,4,success,
v0300,Central Park,ChIJ4zGFAZpYwokRGUGph3Mf37k,10,4,success,
v0303,Chelsea Art Gallery District,ChIJQyaxd0pZwokRSDcZcMo4hbw,10,4,success,
v0304,Chopt,ChIJ7SnuW0xZwokRTjysX8gv9lQ,10,4,success,
v0305,Chotto Matte Toronto,ChIJ-xvxk5HL1IkRWAbA4TilX-w,10,4,success,
v0306,Cipriani Downtown,ChIJ71HLcIxZwokRXymDgawloWI,10,4,success,
v0307,citizenM New York Bowery hotel,ChIJxwvJP4ZZwokRl6cJe-ZyZN4,10,4,success,
v0308,City Papery,ChIJ77IqdYtZwokRAfjd65A2zx0,10,4,success,
v0796,Claud,ChIJWRt4WAtZwokRDRClJ45Ohzg,10,4,success,
v0309,CKTL & Co.,ChIJ_UAgJRE1K4gRjH61bXK6pF4,10,4,success,
v0310,Climax Books,ChIJd4XL0MxZwokREJGcQ45IfkE,10,4,success,
v0311,Comal,ChIJ47moWdBZwokR2Ud_ilXR05E,10,4,success,
v0312,common hours,ChIJG94_MzhZwokRYIgsVoZNT98,10,4,success,
v0328,Death & Co East Village,ChIJKU1MNJ1ZwokRQ7eiWK511vI,10,4,success,
v0314,Cooper's Craft & Cocktails,ChIJn5II_-JZwokRik2w2DuChmw,10,4,success,
v0315,Coppelia,ChIJZ66u571ZwokRnGWVfoiFiCA,10,4,success,
v0316,Creature's Rooftop,ChIJHbDNDHxZwokRxYe2RtH9WEI,10,4,success,
v0317,Cubbyhole,ChIJAc17d5VZwokRFRZJneeCMww,10,4,success,
v0318,Culture Espresso,ChIJdco4TKpZwokRdtg39W89yog,10,4,success,
v0319,Daily Provisions,ChIJP1QDua5ZwokRbdD1DO8vntA,10,4,success,
v0320,Daily Ritual Cafe,ChIJoUwmcSPL1IkRpuy_sCMxLGA,10,4,success,
v0321,Dana Foley NYC,ChIJqRiIJJ1ZwokRa6nca7ZWoCk,5,4,success,
v0803,"One If By Land, Two If By Sea",ChIJl8faj5NZwokRubB8kvrZMk4,10,4,success,
v0323,Daphne,ChIJW9guGM00K4gRQmC01u3UnEI,10,4,success,
v0324,Darjeeling Express,ChIJedBoD9UEdkgRnEfxjGeFIpY,10,4,success,
v0325,Dashwood Books,ChIJHwq2RoVZwokR4Tlp8WRfoIE,10,4,success,
v0326,David Zwirner,ChIJMf7Re8dZwokRJ0Nyj2IixlM,10,4,success,
v0327,Dear Irving on Hudson Rooftop Bar,ChIJmyM5dF1ZwokRD9lUmRAzQOI,10,4,success,
v0329,Delta Charlie,ChIJy_1i5lpZwokRAN49cl7ZefI,10,4,success,
v0330,Deluxx Fluxx,ChIJe-lFm_VZwokRpZ2tEFhS6f4,10,4,success,
v0331,Dimes,ChIJg1zmpilawokR1tvpSF6PWS8,10,4,success,
v0332,Din Tai Fung,ChIJzRA7agBZwokRbSxOyEGFG5U,10,4,success,
v0333,Dineen Coffee Co.,ChIJB1814DLL1IkRhj-K_tYwSio,10,4,success,
v0334,Don Don Korean BBQ,ChIJ5dMYw35ZwokRVcsrTbQDfeQ,10,4,success,
v0335,Dons Bogam,ChIJoeTbP6hZwokR9N--sbudnCM,10,4,success,
v0336,Draught 55,ChIJNRp4EuRYwokRkc8M1fcNSVs,10,4,success,
v0337,DUO NYC,ChIJh71RqZ1ZwokRuMt1PftFXEY,9,4,success,
v0338,Duomo51,ChIJKRPD1K5ZwokRmyDXkfJPfqk,10,4,success,
v0339,Eat Offbeat,ChIJOxn5CkdZwokRikU4563HWAo,10,4,success,
v0340,Eataly,ChIJvx7i_BlawokRidb5WfdvqRM,10,4,success,
v0804,C. Di Palo Wine Bar,ChIJ7-up5Q5ZwokRggzXc71DxmU,10,4,success,
v0341,Edith Machinist,ChIJDWRNRoFZwokR5qxQE2jnWg0,10,4,success,
v0342,Edith’s Sandwich Counter,ChIJ_5uVM7VZwokRtlB8Ukb84E8,10,4,success,
v0343,Effy's Cafe,ChIJsVlfeCf2wokRlM4sVisrU3A,10,4,success,
v0344,El Pacho Coffee Roasters,ChIJEQ4LqpE1K4gRmsdIPXfAXsI,10,4,success,
v0345,El Rey Mezcal Bar,ChIJA12lvtpbwokRx1g73PPypIM,10,4,success,
v0346,El Trompo,ChIJ8Su7-ME0K4gRK_OfqwTtE-4,10,4,success,
v0347,Embriago Coffee,ChIJIW02-Q5ZwokR3lDY6rBN29E,10,4,success,
v0348,Emily,ChIJheDLi5JZwokR3olqGKqz8hI,10,4,success,
v0349,ENDING SOON,ChIJQcyfQIZZwokREEvkPWiRY4A,10,4,success,
v0350,Entwine Cocktail Bar,ChIJ-97gwepZwokR9g3gqA5kl7s,10,4,success,
v0351,Equinox Hotel New York,ChIJf-JE3ehZwokRXgoRYPxLMhA,10,4,success,
v0352,Exile Vintage,ChIJsz21VcI0K4gRm5V7U7PMbo0,10,4,success,
v0825,Ophelia,ChIJc1QTEOJYwokRLAvuSgkm6rA,10,4,success,
v0353,Fast Times,ChIJQ9SZB4FZwokR4-JVxNDiHuw,10,4,success,
v0354,Fedora,ChIJ__84XZRZwokRizNTYzWHh6s,10,4,success,
v0355,Fellini Coffee Meatpacking,ChIJKYbKCABZwokRt6RlaEpSEP4,10,4,success,
v0356,Fellini Cucina,ChIJ-wdgG0hZwokRCMFcDSA7EX4,10,4,success,
v0357,Fig. 19,ChIJb6KTyodZwokR-3P63Pvd6Ng,10,4,success,
v0358,Fishs Eddy,ChIJ3b9sNKJZwokRiE5U8edilaI,10,4,success,
v0359,Five Senses (Koreatown),ChIJ1dPu-KhZwokR-bL1w45w0vY,10,4,success,
v0360,Flamingo Vintage Kensington,ChIJeeicWmA1K4gRd8m10-UKXAM,10,4,success,
v0365,Furnish Green,ChIJWwpM0KhZwokRL6K8C-UBZFo,10,4,success,
v0361,Flute Bar,ChIJHTeso-EFdkgRCnWacXe_BAo,10,4,success,
v0362,From Lucie,ChIJFylaePFZwokRfRdNdH7ujXI,10,4,success,
v0363,Fudao Noodle House,ChIJEYEhxMM0K4gR15Uvw6aIHec,10,4,success,
v0364,Funny Face Bakery,ChIJ26ciZR1ZwokRJJ1xIDHnCKY,10,4,success,
v0366,George Bang Bang,ChIJ9_y2Cq9ZwokRuq4EQnlD98o,10,4,success,
v0367,Glace NY,ChIJBTs3d15ZwokRAsfzLPFudOA,10,4,success,
v0368,Global Table,ChIJPelgrY1ZwokRejSxa5TpJqs,10,4,success,
v0369,GOLDEN WUISH (THE DUCKHOUSE),ChIJWTpRmOFbwokRsLumvic0iY4,10,4,success,
v0370,Goldstruck Coffee,ChIJX_6idzA1K4gR678ma1xVFfU,10,4,success,
v0371,Gopchang Story BBQ - Manhattan,ChIJ-SmG9ahZwokRLbN33Zvknig,10,3,success,
v0372,Gotan,ChIJifdeVPVZwokRlCHFXdRcoR8,10,4,success,
v0373,Grandma’s Dumpling House,ChIJo0udSBBbwokRXYNJw3F-tac,10,4,success,
v0374,Grant and Garbo,ChIJLfz3gd81K4gRkPlRZKv6Iqw,10,4,success,
v0375,Green Kitchen 70th Street,ChIJadxohHRZwokRHvkUBnEH1Kw,10,4,success,
v0376,Greenwich Letterpress,ChIJFR3TFpRZwokRBmvWEmiAg8A,10,4,success,
v0377,Gunbae,ChIJMUOOzR5awokRijM90_-9kUA,10,4,success,
v0378,Gyu-Kaku Japanese BBQ,ChIJd5vUG5tZwokR4auQzzfh1Fs,10,4,success,
v0383,Haven,ChIJnaWk-Y5ZwokRJgKOOgyxJy8,10,4,success,
v0379,Hale Coffee Company,ChIJe54Pel7L1IkRFRcxrg8jWY8,10,4,success,
v0380,Hamburger America,ChIJF8menphZwokR09y2oKUn8HQ,10,4,success,
v0381,Han Dynasty,ChIJx3Nrt55ZwokRP3Xiw0TGnKE,10,4,success,
v0382,Hauser & Wirth,ChIJZfiZaMdZwokRv14ZZ3Egb-Y,10,4,success,
v0384,Haven Rooftop,ChIJo9WBiVVYwokRqlIG384NkJY,10,4,success,
v0385,Henrietta Hudson,ChIJhyhbK-1ZwokRmOnWy-LnDEc,10,4,success,
v0386,Her Name is Han,ChIJKRVIbKhZwokRBg-yFy8VlKA,10,4,success,
v0387,Hi-Note,ChIJI9YXVE1ZwokReoSNmmJkwWw,10,4,success,
v0388,Hide Rooftop,ChIJ0QUBXPNbwokRGC3ihVh2NP4,10,4,success,
v0389,Highwater Rooftop,ChIJB7hsPRZawokRT_0UkYOFFMk,10,4,success,
v0390,HiLot,ChIJKYLmc0FZwokRlAel5uqrrzk,10,4,success,
v0391,Home Sweet Home,ChIJb6KTyodZwokRX2TgJbvvvKg,10,4,success,
v0392,Honeybrains,ChIJc889gXBbwokRPBVpKft5KG0,10,4,success,
v0393,Houseman,ChIJn9skCvNZwokRk7K5S6cBxe0,10,4,success,
v0394,Housing Works Bookstore,ChIJSaRjC49ZwokR402Rpxj6i9Q,10,4,success,
v0395,Houston Hall,ChIJkYlCnpJZwokRuQzFWh0dgRE,10,4,success,
v0396,HOWOO,ChIJKQKwbmZZwokRVxnK_qg8GTE,10,4,success,
v0397,Humble Donkey,ChIJQ6GQ__c1K4gR5hw5gtZcT4I,10,4,success,
v0398,Huuma,ChIJn_xPBwBZwokRJ54o9TpTJu4,10,4,success,
v0399,HYUN,ChIJyVx4cR9ZwokRjVpmK-TnpM0,10,4,success,
v0851,El Museo del Barrio,ChIJWT0gUBz2wokRNcAxVUphAAs,10,4,success,
v0400,Iguana New York,ChIJe3pj4ldYwokRWU6AqPCs5uY,10,4,success,
v0401,IndiCo Coffee Co.,ChIJm977xR5ZwokR1IlUEsz8laE,10,4,success,
v0403,Jadis,ChIJTXEMkIZZwokRrCyMDjtZFSg,10,4,success,
v0404,Jazz At Lincoln Center,ChIJXUWvz_dYwokRQ6xVCcp8qX0,10,4,success,
v0405,Jeju Noodle Bar,ChIJvSw_uuxZwokRwESVzh5G33s,10,4,success,
v0406,JG Melon,ChIJORutA8BYwokR6obC5YpaamM,10,4,success,
v0407,Jimmy's Coffee,ChIJqfDrP8I0K4gRlDpLyZFhMRI,10,4,success,
v0408,JOEY King St,ChIJ73LbbhTL1IkRo0jIEIs3HaI,10,4,success,
v0409,John Devoy’s Bar & Kitchen,ChIJ8UqoBQBZwokR4_OGLJj9VPo,10,4,success,
v0410,Jongro BBQ,ChIJQ3Jl76hZwokRnS1-MQHYhZE,10,4,success,
v0411,JuDam NYC,ChIJU-xiHAVZwokR4pE7ckhtfRI,10,4,success,
v0412,Juicy Dumpling,ChIJo0udSBBbwokRXYNJw3F-tac,10,4,success,
v0413,Justine's on Hudson,ChIJ7-tNcahZwokRKSnDrdpnMK4,10,4,success,
v0414,Kabawa,ChIJ685zLlZZwokRiEoiYj-Iyvg,10,4,success,
v0415,KABIN,ChIJMb9VKtRZwokROJ6W_ZVM-og,10,4,success,
v0416,KENKA,ChIJiRfje5xZwokR474atxPrCwE,10,4,success,
v0429,La Caverna,ChIJ2z3KFIFZwokRpLxbFwFRMLM,10,4,success,
v0417,Kenn's Broome Street Bar,ChIJEXPuhotZwokRa4EDU1xXe8E,10,4,success,
v0418,Kim Vietnamese Restaurant,ChIJnceFBcM0K4gRpGH7oZQHKc4,10,4,success,
v0419,King,ChIJmy2pnY1ZwokRvWDMouRmdl4,10,4,success,
v0420,King of Kensington,ChIJd3hfBOE1K4gRkRKuTbyRXq0,10,4,success,
v0421,King Taps First Canadian Place,ChIJ9y-dotI0K4gR8C-CfDq_pm8,10,4,success,
v0422,KINTO STORE New York,ChIJWQ2BdEdZwokRTK675OI5PJA,10,4,success,
v0423,Komune,ChIJgwy7ObNZwokRwSGq5XrLBSE,10,4,success,
v0424,Korin,ChIJIVUn1h5awokR07P2NK_cufQ,10,4,success,
v0860,Japan Society,ChIJT9QreB1ZwokRHZEDNBAX--0,10,4,success,
v0425,Koya Japanese Restaurant Soho,ChIJOVNb59IEdkgR4MHN89sf5aI,10,4,success,
v0426,Kricket Soho,ChIJXWnxCtQEdkgRcG32UcQZFVQ,10,4,success,
v0427,Krispy Kreme Café,ChIJl7AJe8E0K4gRKGZvKN174fc,10,4,success,
v0428,L Train Vintage,ChIJkX7e_p1ZwokROktrmLm2aYc,10,4,success,
v0434,Lara Koleji,ChIJU0tqOK1ZwokR97GCH3ZVwLI,6,4,success,
v0430,La Chilaca Taqueria,ChIJVVVFc8I0K4gRitES0UMBTyQ,10,4,success,
v0431,La Esquina Brasserie,ChIJibtT3ohZwokR7tX0gp0nG8U,10,4,success,
v0432,La Linea,ChIJw-s_gYNZwokR93EwQkUTGkE,10,4,success,
v0433,Lady Wong Patisserie East Village,ChIJB7MDsmJZwokRke4QTDDokko,10,4,success,
v0435,Laylak Lebanese Cuisine Toronto,ChIJj75GT37L1IkRRuIH0zAHm_A,10,4,success,
v0436,Leader Trading/OSARA NEW YORK,ChIJxwvJP4ZZwokRbCuQoK97D_Y,10,4,success,
v0437,Left Bank Books,ChIJU4op5j9ZwokRBfrzSrocrZA,10,4,success,
v0438,LIBRARY BAR,ChIJe1A28Ys1K4gRqgUyNDHkh2w,10,4,success,
v0459,Makari Japanese Antiques and Fine Art,ChIJUTZWv55ZwokRziTRRABhU_w,10,4,success,
v0439,Lil' Frankie's,ChIJK2OWqJxZwokRVvZekLjy2wk,10,4,success,
v0440,Lilli and Loo,ChIJ7bhwa-9YwokRcWqrsCk632M,10,4,success,
v0441,Lina Stores Soho - Italian Restaurant,ChIJM_jKxdIEdkgRPNa7jfFSBrQ,10,4,success,
v0442,Little Canal,ChIJEebNoSlawokRcf3d3BZhPzM,10,4,success,
v0443,Little Cupcake Bakeshop,ChIJJ3ZdWI9ZwokR23PXSej8iqw,10,4,success,
v0444,Little Ruby's East Village,ChIJ-V7NLMxZwokRwWqYU9xL8tQ,10,4,success,
v0445,Little Ruby's West Village,ChIJTwH7JrNZwokRbyg6mhXQSOo,10,4,success,
v0446,Locanda Verde Tribeca,ChIJTWkuhfVZwokRS_go-fdp7Vs,10,4,success,
v0447,LOS TACOS No.1,ChIJ6WooklRYwokR3qd-J59t-k0,10,4,success,
v0448,Lost boys vintage,ChIJd40uoJg1K4gRx3WxJi0BdqM,10,4,success,
v0449,lost gen vintage,ChIJga1z5es1K4gREtM4-VRqFoY,10,4,success,
v0450,Lot28,ChIJmYFAe49ZwokROZMJ3kkC2CQ,10,4,success,
v0451,LOUIX LOUIS,ChIJnUKaEmHL1IkRYbY-JdREhPg,10,4,success,
v0452,LPR,ChIJgx_u75FZwokRy5YwN6K5IG4,10,4,success,
v0453,Lucia Pizza Of SoHo,ChIJt2LXGrlZwokRCEWTvpTyp5k,10,4,success,
v0454,Luckin Coffee,ChIJM4fINABZwokRZ0qc__CHT3A,10,4,success,
v1063,Museum of the Moving Image,ChIJAx_yUCVfwokRQ2xEBIWV21g,10,4,success,
v0455,Ludlow Coffee Supply,ChIJoWoj3YNZwokROOadcIr5tXo,10,4,success,
v0456,Luke's,ChIJjShmRi9ZwokR7VKgo8q0xJY,10,4,success,
v0457,Lê Phin,ChIJU_tU6kpZwokR-pX4kn5VSBA,10,4,success,
v0458,Mace,ChIJ27CKRHdZwokRAMnhRQri-bU,10,4,success,
v0460,Malaparte,ChIJX1Wm5-pZwokRyFflGuVHL0g,10,4,success,
v0461,maman,ChIJL8_mB4lZwokR9RPJzSCMrmw,10,4,success,
v0462,Mamo,ChIJb7FRCYtZwokRC3tJHKjos7w,10,4,success,
v0463,Mangetsu Speakeasy,ChIJS6KTH7RZwokRZuhBqAvrRWw,10,4,success,
v0464,Marjorie's,ChIJkeU3YJsFdkgRaUnWPaoRyRQ,10,4,success,
v0465,Maryam Nassir Zadeh,ChIJRcCJo4FZwokRpPaTiah9kiU,4,4,success,
v0466,Master Pot,ChIJlwSmBTA1K4gRd4GKvYykexg,10,4,success,
v0467,Matcha 108,ChIJJxvsEihbwokR1ahhOeBIs0s,10,4,success,
v0805,The Waverly Inn,ChIJx1MclZVZwokRu0fU1UfDoJE,10,4,success,
v0468,McNally Jackson Books SoHo,ChIJwaHnQI9ZwokRvlECeQqpHdg,10,4,success,
v0469,mika's direction,ChIJzRVTSLpZwokRM51nV3FaGHs,10,4,success,
v0470,Milkweed Studios,ChIJ1-gCLABZwokRWwBFGp2LxYY,10,4,success,
v0471,Miriam And Micah Vintage,ChIJfyKTVcI0K4gRul5Gt1hKzgs,10,4,success,
v0480,Moxy NYC Chelsea,ChIJnZ6IScZZwokR6bdW6qeMr24,10,4,success,
v0472,miss KOREA BBQ,ChIJ99_m8KhZwokRz33z_j0NaQ8,10,4,success,
v0473,Mister Paradise,ChIJrzFieCFZwokRKomv90hsLXE,10,4,success,
v0474,Modern Bread and Bagel,ChIJAc9IDW5ZwokR18hDD6ev_j0,10,4,success,
v0475,Modus Ristorante,ChIJ-VqxSNI0K4gRk1TRqq7nnWk,10,4,success,
v0476,MoMA Design Store,ChIJa7WF1I5ZwokRqt0Ia4lP2_4,10,4,success,
v0477,Moonburger,ChIJZVWY-w9ZwokR06Dcl9GLicU,10,4,success,
v0478,Mos Mos Coffee,ChIJm_bAXi3L1IkRaMe6x2i5BK0,10,4,success,
v0479,Mossop's Social House,ChIJ_QegyE7L1IkR7Wqc9Np6Qlc,10,4,success,
v0481,MUD,ChIJ__DxT5xZwokRuMRCGAmQ9-E,10,4,success,
v0482,Music For A While,ChIJO2D3Is5ZwokRgFmYu_W5aD0,10,4,success,
v0483,Mxdin,ChIJuclyZgBZwokRMdPYUE9DW1M,10,4,success,
v0484,mộc mạc,ChIJDWMVZqxZwokRx25yDuIAEHA,10,4,success,
v0485,Nalata Nalata,ChIJ3dxJ_IRZwokRvhbPYi54EZE,10,4,success,
v0486,Nami Nori West Village,ChIJcfbyqFNZwokRUoBP92II4c0,10,4,success,
v0487,Nancy Whiskey Pub,ChIJT04J54pZwokR8ScZIBBgLTk,10,4,success,
v0488,NBetween,ChIJNyH9v5xZwokR_4GmWxuWfCw,10,4,success,
v0489,NEO COFFEE BAR PATH,ChIJcxNW_8A1K4gRfcFPPm8UXxc,10,4,success,
v0517,PONGAL,ChIJE5Ex1AlZwokRvFG2E-cZIVM,10,4,success,
v0490,New Wonjo,ChIJLc5V-6hZwokRCO-MIGUc9wA,10,4,success,
v0491,Nice Matin,ChIJ5YYLvYhYwokReZvaF93xmFw,10,4,success,
v0492,niconeco zakkaya,ChIJpdaS-7pZwokRwu9BkLCdK_U,10,4,success,
v0493,Nine Cases,ChIJicdtzcJZwokRMWJLJoTQhPc,10,4,success,
v0494,Not As Bitter,ChIJZxxMyGtZwokRPAISqC7vI_k,10,4,success,
v0495,November 19 Shop,ChIJp7ajTolZwokR-tDyAGQTgbc,10,4,success,
v0496,NUBIANI - Koreatown,ChIJW-3UoWxZwokRrli2mpfYZdo,10,4,success,
v0497,Nublu,ChIJmyapAHlZwokRW-fOBZfs_rA,10,4,success,
v0498,Oi bozu,ChIJz03QBPNZwokRmBZxIq0pxJE,10,4,success,
v0499,OLIO E PIÙ,ChIJ_RUJvZZZwokRNUEv3K4nSik,10,4,success,
v0500,Opium Cocktail Bar - Soho,ChIJbbfNWtIEdkgRkCmmqu5UyMU,10,4,success,
v0503,Patisserie Vanessa,ChIJb2q4QqNZwokROAYHW3Y-PPk,10,4,success,
v0504,Peacefood - Union Square,ChIJn7gavJlZwokRF-R8Ahx66NM,10,4,success,
v0505,Peasant,ChIJ0XJEBIZZwokR3iPgClK9uEg,10,4,success,
v0506,Pete's Tavern,ChIJIQntspT8ZUARP3MLeK4a1vA,10,4,success,
v0507,Phở Hưng Restaurant,ChIJ8UEiwcM0K4gRKqBc4DFmv_w,10,4,success,
v0508,Pi Bakerie,ChIJCfikqHBbwokRaAW9TPfWOQE,10,4,success,
v0509,Piccola Cucina Estiatorio,ChIJlQbeXYxZwokRnKjjqj-xmxM,10,4,success,
v0510,Piccola Cucina Osteria Siciliana,ChIJowhlWYxZwokRgrvA8f_x8Es,10,4,success,
v0511,PICO DE GALLO,ChIJW6LNyif2wokR0qiNKyJlEHA,10,4,success,
v0512,Pier 57,ChIJywJ318BZwokR4uWXUTbMRtc,10,4,success,
v0513,Pigeon Espresso Bar,ChIJ--JCXQDL1IkRE2l1BRaaH54,10,4,success,
v0514,Pilot Coffee Roasters,ChIJ84vitCzL1IkRDT5wnL5MaBs,10,4,success,
v0515,Pisillo Italian Panini,ChIJ1-vKbRhawokRuh_krlCFDsQ,10,4,success,
v0516,Playa Cabana Wellington,ChIJZwIcHDnL1IkRm613Chppk6w,10,4,success,
v0519,Raines Law Room Chelsea,ChIJp-sFzaJZwokRdyaZMsu_DkU,10,4,success,
v0520,Raku,ChIJcd-UAwBZwokR2dPBrKACTm8,10,4,success,
v0521,Raoul's,ChIJBUwsto1ZwokRsW3Dy0Y1cO0,10,4,success,
v0522,Ray’s,ChIJKavF4jxZwokRph6HhofCKJY,10,4,success,
v0811,Naks,ChIJQfYrEfNZwokRFPKHZM6aH4w,10,4,success,
v0523,Remedy Place Flatiron,ChIJhXiVU2hZwokRf4Fky0Z472w,10,4,success,
v0524,Rescue Spa,ChIJq_BiKaJZwokRnj6wBp-SN7Y,10,4,success,
v0525,Restaurant 20 Victoria,ChIJJYukdjfL1IkRmO6n1JfjfKU,10,4,success,
v0526,Rex,ChIJ3bHceclZwokR0bc2uIf4TYg,10,4,success,
v0527,Roasting Plant Coffee,ChIJa1pGa4dZwokRmvXVPD1jt_k,10,4,success,
v0528,Roey's,ChIJuwgQBM9ZwokR_tL0uQ1wTTU,10,4,success,
v0529,Rogue,ChIJxfh7V_BZwokRnmcACQD1unY,10,3,success,
v0530,Romeos,ChIJ5dKgkl1ZwokRVaLe0VlqPXg,10,4,success,
v0531,Rory's Rooftop,ChIJ8cV4ZrNZwokRmXum9urdUpg,10,4,success,
v0532,Rosa Mexicano,ChIJ15PRH9NZwokR8YQ5jXKuLTs,10,4,success,
v0533,Rosa Mexicano,ChIJb7W-WqJZwokRhJujP6urKAI,10,4,success,
v0534,Rosehill Rooftop,ChIJu3EagKdZwokRpkWbgGp-HT0,10,4,success,
v0812,Shukette,ChIJuabZo6hZwokRhGPoGjo0H6k,10,4,success,
v0535,Rosemary Home,ChIJpa9S8ylZwokRyjl0U0i266Y,10,4,success,
v0536,S&P Lunch,ChIJw85ZeK9ZwokRLfXj_uCbn9Q,10,4,success,
v0537,Sabor,ChIJoXHzltUEdkgRc7QLGWRren0,10,4,success,
v0538,Sadelle's New York,ChIJP8URcY5ZwokRhFpdfNcK-FI,10,4,success,
v0539,Saigon Lotus,ChIJv6RRx8M0K4gRKh5I866TqfI,10,4,success,
v0540,Same Same Wine Bar,ChIJUb52YrNZwokR7AtC9Hl58SQ,10,4,success,
v0541,SAMMARCO,ChIJ0UNUBYHL1IkRjgZDesimYzo,10,4,success,
v0542,San Cafe,ChIJdZkUXABbwokRI5gSDnwaRM8,10,4,success,
v1156,Good Room,ChIJYaebsEZZwokRdaBnC6WMr5A,10,4,success,
v0543,Sant Ambroeus Lafayette,ChIJC2jHPo9ZwokR_1oNEY13rM4,10,4,success,
v0544,Sartiano's,ChIJxTwfWrBZwokRU97l-w8CS18,10,4,success,
v0545,Sawada Coffee,ChIJi7gKOIlbwokRoPYLopZaSwI,10,4,success,
v0546,Screaming Mimis Vintage,ChIJE-aTFL5ZwokRIzDRJwyX2zU,10,4,success,
v0547,Sen Saigon,ChIJ7-tdxqNbwokRVzw_Y5SMYKk,10,4,success,
v0548,Sentir Vegan Mexican Restaurant,ChIJQ9y8yEdZwokRgpWwTbZ5u3w,10,4,success,
v0550,Sfoglia,ChIJLenzb6RYwokRwsIJcrPNQ5s,10,4,success,
v0551,Shibui Spa,ChIJkQxhg_VZwokRu69-xykT-IE,10,4,success,
v0552,Shopsin's,ChIJ_____4BZwokRwuOBV5usHR4,10,4,success,
v0553,SHŌSH,ChIJ5da30XlZwokR7hYVJEUj40Y,10,4,success,
v0554,Simpl Cafe,ChIJGRt4unE1K4gRFjOGP7WvkqY,10,4,success,
v0555,Sleepy Pete's,ChIJQSTDJAw1K4gRw0kl41x_jOE,10,4,success,
v0569,Sunnys Chinese,ChIJZZpWSbg1K4gRSxIEN9mrN4Q,10,4,success,
v0556,Smiley Coffee,ChIJ5e2P9K9ZwokRJyytdm_00Qw,10,4,success,
v0557,Smoke Jazz & Supper Club,ChIJS_7f3yT2wokR4dsAb0bTwDo,10,4,success,
v0558,Smør,ChIJNTHMPrdbwokRIgmROnpA1RI,10,4,success,
v0559,Soho Diner,ChIJVyc61eJZwokRrHejnuFokOU,10,4,success,
v0561,Sorate,ChIJ3dBW9_dZwokR43yOR9TxvXE,10,4,success,
v0562,Space Vintage,ChIJS8aIHfE1K4gR91a7bigpln8,10,4,success,
v0563,Speedboat Bar,ChIJbX_Fhx8FdkgRbTfFDICmOhQ,10,4,success,
v0564,Spicy Moon Bowery,ChIJAb8jiJZZwokROX7aeBYf2I4,10,4,success,
v1189,& Sons Buttery,ChIJr1kzvDdbwokR_DKdIwvXIUI,10,4,success,
v0565,Spot Dessert Bar East Village,ChIJ0QCeh5tZwokRh9J_3uvSPjU,10,4,success,
v0566,Sullivan Street Bakery,ChIJ7W7211FYwokRW_UVZTqGVFw,10,4,success,
v0567,Sunday Morning,ChIJpZSQbABZwokROfI_dac-9w8,10,4,success,
v0568,Sundays Pasta Lab,ChIJ5-QNFwA1K4gR9UB66ZcjjNE,10,4,success,
v0570,Super Burrito,ChIJIbkkfABZwokREVVaDXbBCOs,10,4,success,
v0571,Superbueno,ChIJbXN71WhZwokRNTk55-ScVWY,10,4,success,
v0572,Supernova,ChIJV14SH5MFdkgRQeeJl-l4WSU,10,4,success,
v0573,Sushi Lab Rooftop,ChIJscH4RxpZwokRFIrk37HvBT8,10,4,success,
v0574,Sushi W - UWS,ChIJMUUPFIn3wokRwM0zT00XP1c,10,4,success,
v0575,Swatow Restaurant,ChIJxdcPkcM0K4gRtZB3BsjQutg,10,4,success,
v0576,Sweet Linda,ChIJTSEOrsNZwokR8vHwFFdZla8,10,4,success,
v0577,Sweet Pickle Books,ChIJ25C95N9bwokRwsG4Ih4ufNU,10,4,success,
v0582,Takoyaki6ix,ChIJCXWkAVU1K4gRLDBB77qcUDo,10,4,success,
v0578,sweetgreen,ChIJ2zcGahZawokR7UhfvrCS3LQ,10,4,success,
v0579,Swift Soho,ChIJGa3wvNIEdkgRN1HW-os2NzY,10,4,success,
v0580,Tacos 101 and Fruta Libre,ChIJdXTe_YA1K4gR0FTaa2WGM4M,10,4,success,
v0581,Taishoken NYC,ChIJR3pwjHtZwokR6dkS9HYU6_I,10,4,success,
v0583,"TAP Brazilian Café – 100% Gluten-Free, Tapioca Sandwiches & Açaí, Upper West Side – NYC",ChIJRxsmlItYwokRp5ZtogV3y90,10,4,success,
v0584,Tawny,ChIJsfgaVxxbwokRfGPVeOIuvMs,10,4,success,
v0585,Temple Court,ChIJPQzEeBhawokR79Mo5NOT5Vw,10,4,success,
v0586,Tenement Museum,ChIJ20bVJYdZwokRhI7esP3mYM0,10,4,success,
v0588,Thai Villa,ChIJfd-PtKNZwokR-m-0kzVTgBs,10,4,success,
v0589,Thayer,ChIJuaCMa_pZwokRPQlrp2ET9bc,10,4,success,
v0590,The Bowery Electric,ChIJFf-pIIVZwokRPeulXUC6oqU,10,4,success,
v0591,The brick room,ChIJj_V6Fk7L1IkRRHnqaMeYj3E,10,4,success,
v0592,The Brick Room (一期一会),ChIJI-HScCTL1IkRz6C8LwOT7wc,10,4,success,
v0593,The C Cafe & Wine,ChIJaRpLHABZwokRsp_koypS7DA,10,4,success,
v0594,The Clock Coffee Shop,ChIJ4awqvz9ZwokR1JUpz3czMEE,10,4,success,
v0595,The Domino Room,ChIJhdm6vUJZwokRVKrUOfS30rI,4,4,success,
v0620,Togyushi,ChIJ2ULuztdZwokRQcLBG3VmtJY,10,4,success,
v0596,The Drama Book Shop,ChIJKwlmsKxZwokRfLTqxrJvDzY,10,4,success,
v0597,The East Pole,ChIJbY3-ye5YwokRWOG8XH8DqSw,10,4,success,
v0598,The Folly,ChIJGdKHD45ZwokR0c5wtasiv-Y,10,4,success,
v0599,The Garret,ChIJkdFGdJNZwokRY_FA1UjcHGI,10,4,success,
v0600,The Grey Dog - Chelsea,ChIJ-aj4gb5ZwokR381vclpBwI0,10,4,success,
v0601,The Little Scarlet Door,ChIJF6Udn24FdkgRU6FtCxbuFiY,10,4,success,
v0602,The Mandarin,ChIJwx32VexbwokRFDmC8xoRMvU,10,4,success,
v0603,The Marlton Hotel,ChIJuac4MpdZwokRPSTvSd3DmME,10,4,success,
v0621,Tokio 7,ChIJYxJ_6ZxZwokRRqo0kgL5ho8,10,4,success,
v0604,The New York Earth Room,ChIJNVpiZY5ZwokRvQ-vFAg3tok,10,4,success,
v0605,The Noodle Inn,ChIJgfsgLQAFdkgRZ5eIYfngCJw,10,4,success,
v0606,The Pastry Box,ChIJg0cFWRJZwokRXydzIHdwLJ0,10,4,success,
v0607,The Penny Farthing,ChIJ7283wZ5ZwokRkogBZ_-wRuE,10,4,success,
v0671,L’industrie Pizzeria - West Village,ChIJ92OsaJVZwokRsC54kf-J-3g,10,4,success,
v0608,the Press Lounge,ChIJH163y09YwokRxBvExo9vyHU,10,4,success,
v0609,The Rhymers' Club,ChIJ6fCoMABZwokRbyfPfNs_sT0,10,4,success,
v0610,The Smith,ChIJbd5El_VYwokRFEtA5j2r7Ls,10,4,success,
v0611,"The Spa at Mandarin Oriental, New York",ChIJL83lHfZYwokR0G-mK20Avys,10,4,success,
v0612,The Spaniard,ChIJL0D4jJNZwokRWQTfTBLjlvw,10,4,success,
v0613,The Vintage Twin,ChIJ7enJLJtZwokRMgpX81KtClI,10,4,success,
v0614,THE WELL New York,ChIJFQiEdQFZwokRNQ0D2cNpj04,10,4,success,
v0615,THISBOWL,ChIJnyekYIlZwokRVYZ6SndH_Ck,10,4,success,
v0622,TOKUYAMATCHA & ONIGIRAZU BAR- E 6th St.,ChIJDeAEcRRZwokRiqpklOPPU9U,10,4,success,
v0616,Three Dots Coffee Lab,ChIJ9wCaK9c1K4gRN5Oy4YcFG6A,10,4,success,
v0617,Three Sheets Soho,ChIJxZHPBAAFdkgR-HXCu1vnNQM,10,4,success,
v0618,Times Square,ChIJmQJIxlVYwokRLgeuocVOGVU,10,4,success,
v0619,Toad Hall,ChIJKUZYdYtZwokRUFeMJp0FKsM,10,4,success,
v0623,Tokyo Joe NYC,ChIJ0zNewJ1ZwokRL5kjFo6ASdw,10,4,success,
v0624,Trisha's,ChIJ9UYwztIEdkgRegPufHEAeAc,10,4,success,
v0625,Turks & Frogs,ChIJe1UuJetZwokRt3iMYUzq8Y4,10,4,success,
v0626,Two Boots Pizza Upper West Side,ChIJv-1khl1ZwokRgQ5NHnRsrqE,10,4,success,
v0627,Two Hands,ChIJebQsi_xZwokRGVX796Yyhtc,10,4,success,
v0628,Ugly Delicious Toronto,ChIJNz8b4Yc1K4gR-l3mXetKjRs,10,4,success,
v0629,Uncle Lou 快樂人,ChIJSRT5b9ZbwokRYilWRG4jYaY,10,4,success,
v0630,Uncle Vintage,ChIJXb_m60Y0K4gRuBaS9Wt1y34,10,4,success,
v0632,upstate craft beer & oyster bar,ChIJ-TjK0ZxZwokRY05GdFO1_RI,10,4,success,
v0634,Urban Vegan Kitchen,ChIJ6QeO95JZwokRZXBnIGL5rEg,10,4,success,
v0635,Urbana Cafe and Gallery,ChIJ63ly5nlZwokR9tEeeucKRnA,10,4,success,
v0636,Uva,ChIJxYXIbL9YwokR7A8e89BZgGA,10,4,success,
v0637,Uva Next Door,ChIJ1wvzHWRZwokRD8U6_Yc3lQA,10,4,success,
v0638,Vatan,ChIJpRvbqglZwokRSKzPisbuDcU,10,4,success,
v0639,Vereda Central Coffee Roasters,ChIJKaV7PAA1K4gR83qzKCEsLDY,10,4,success,
v0640,Waiting on a Friend,ChIJxUgwtKhZwokRNb3gWsRneSw,10,4,success,
v0665,Margon,ChIJ28_VhFVYwokRigKkUoPI6Ec,10,4,success,
v0641,Waverly Diner,ChIJuf__q5ZZwokR5NchwUeBTyg,10,4,success,
v0642,White Horse Tavern,ChIJGfAs0ZRZwokR584EB4uBkyU,10,4,success,
v0643,White Trash,ChIJ_dIPrJxZwokR4txPu7Nkpm4,10,4,success,
v0644,Wild Cherry,ChIJs6BQxzZZwokRjAgyOvQHack,10,4,success,
v0645,William White Emporium,ChIJS5Kob3FZwokRVbfOo2Gp5QM,10,4,success,
v0646,Williamsburg Pizza,ChIJcxboDYdZwokR_VxNBd3E91A,10,4,success,
v0647,Wu Wei Coffee,ChIJC-6YSAA1K4gRGDF2hvinVak,10,4,success,
v0648,yakuni,ChIJN0u8egBZwokRCM2XbebokuQ,10,4,success,
v0677,Penny,ChIJIwaq1P5ZwokRmGG4WafDScw,10,4,success,
v0649,Yamada,ChIJSdFphJdbwokRG3R5uMCxFt4,10,4,success,
v0650,Yin Ji Chang Fen 銀記腸粉 (Downtown),ChIJU7qLnfw1K4gRTsY9BPi_K9s,10,4,success,
v0651,Yoon Haeundae Galbi,ChIJPw03jalZwokRmsrs0PAc1bo,10,4,success,
v0652,Yu & Me Books,ChIJW7aK_uNbwokR7OmleQaigQs,10,4,success,
v0653,Yves,ChIJgWmOm_VZwokRSUIfoxNB9ng,10,4,success,
v0654,Zen Kyoto,ChIJu_T8M6_L1IkR8ysmnA8EUrc,10,4,success,
v0655,Remi43 Flower & Coffee,ChIJN46bC-5ZwokR1rFV0BOS4BY,10,4,success,
v0656,Serendipity 3 - Upper East Side,ChIJ7VRAqalZwokR48bbQlnev8w,10,4,success,
v0657,AIRE Ancient Baths New York · Upper East Side,ChIJ5StDm9JZwokRzcYuBMHP3iU,10,4,success,
v0658,Festivál Cafe,ChIJjW7JHelZwokRnkEk29yKZHE,10,4,success,
v0659,Sandbar Rooftop,ChIJiU9lDtFZwokRWgnyfScr2GI,10,4,success,
v0660,Statue of Liberty,ChIJPTacEpBQwokRKwIlDXelxkA,10,4,success,
v0661,Sutton Bar Room,ChIJFTW1AOdYwokRxcn0wNMDjuA,10,4,success,
v0662,Variety Coffee Roasters,ChIJ49KnM6VZwokRArJkBByO0Dc,10,4,success,
v0663,Via Carota,ChIJr7FOf5NZwokRu3CDYtzVmuQ,10,4,success,
v0664,Don Angie,ChIJfxC19JVZwokRX2uKgQAL17c,10,4,success,
v0666,Saigon Vietnamese Sandwich Deli,ChIJ53zVi4hZwokRzOhJWFV01yU,10,4,success,
v0667,Tasty Hand - Pulled Noodles,ChIJmZTuWtBbwokRWxbraRwj8xA,10,4,success,
v0668,Blue Ribbon Brasserie,ChIJQSjQsI1ZwokRu19O824YdH4,10,4,success,
v0669,Empanada Mama LES,ChIJAyE6G4dZwokRReUX9ODYSG0,10,4,success,
v0670,Wah Fung No. 1,ChIJCZ6p_4dZwokRitXAVOk,0,0,no_photos_returned,
v0672,Joe's Pizza,ChIJ8Q2WSpJZwokRQz-bYYgEskM,10,4,success,
v0673,El Castillo De Jagua Restaurant,ChIJB1mzOIFZwokRkElevjezXJw,10,4,success,
v0674,Dominick's,ChIJn1_QWIf0wokROm8gWiL2oOU,10,4,success,
v0675,Le Veau d'Or,ChIJ8ccTf-9YwokRMrljca_idL0,10,4,success,
v0676,Le Bernardin,ChIJV7QQ6kdZwokRax4615zpSGU,10,4,success,
v0678,Cho Dang Gol,ChIJU0c2Y6lZwokRKlyc_R8HN88,10,4,success,
v0679,Smithereens,ChIJUb901VlZwokRmb0kduVLllM,10,4,success,
v0680,Tatiana by Kwame Onwuachi,ChIJxy0SM0xZwokR5vC0f4wVlP0,10,4,success,
v0681,Carnitas Ramirez,ChIJ41HSUABZwokRhbUqk4qDotA,10,4,success,
v0682,Semma,ChIJxZmzO7hZwokRx2fls4uU4YU,10,4,success,
v0686,Mei Lai Wah,ChIJM3elBidawokRJKPC55N6pQI,10,4,success,
v0687,Tonii's Fresh Rice Noodle,ChIJk08Jp7NbwokRvn8njWu2MAM,10,4,success,
v0688,Kong Sihk Tong,ChIJ1V_Xi5hbwokRV7A_UcnBKZU,10,4,success,
v0689,Sanmiwago,ChIJPQzGrSlbwokRlYllmOT6BY4,10,4,success,
v0690,Fish Cheeks,ChIJgc7fPIVZwokRQMnqTxTf_Qk,10,4,success,
v0692,Barrio Chino,ChIJa163PodZwokRrmuzoMb3Emc,10,4,success,
v0693,Noodle Village,ChIJk31a6yZawokRCP9vIx0Us18,10,4,success,
v0694,"Xi'an Famous Foods 西安名吃, Chinatown",ChIJ4UWmVCZawokRPDcL0zB0dGs,10,4,success,
v0695,Chang Lai,ChIJOy-j4IdZwokRNqJruSGwcwI,10,4,success,
v0696,Double Crispy Bakery,ChIJo9oWc4hZwokR3_u61F1rh9o,10,4,success,
v0697,Barbounia,ChIJafcWm6FZwokRAD6WiHiQdpE,10,4,success,
v0698,schmuck.,ChIJq2X9dwBZwokRdlXSC222znQ,10,4,success,
v0699,Jeremy's,ChIJpzIA6YBZwokRwp2lcvLcgt0,10,4,success,
v0700,Chez Zou,ChIJieLiUXdZwokRLsekDijpWlw,10,4,success,
v0703,Bar Belly,ChIJ5T2ntSlawokRZpwIhBG3oxM,10,4,success,
v0704,LELABAR,ChIJ5X5PM-1ZwokRqc7NcYmU65M,10,4,success,
v0705,Quique Crudo,ChIJ7Z6ZegBZwokR3bVVa97pjRw,10,4,success,
v0706,Briciola Pizza Bar,ChIJyzikTg9ZwokRXuzjioiuMB4,10,4,success,
v0707,Sake Bar Decibel,ChIJ-3ZSb5xZwokRDb2PQKNwwbU,10,4,success,
v0708,Osteria Carlina Tribeca,ChIJbZWna-NZwokRlEJVbtLTLgI,10,4,success,
v0709,Artesano,ChIJv3vgwFZbwokRwP07bRgRYdM,10,4,success,
v0710,Katana Kitten,ChIJp7-d8P9ZwokRtQtbCsCOCBA,10,4,success,
v0711,ELIS WINE BAR & RESTAURANT,ChIJEf6VblX3wokRold_hq_bbQs,10,4,success,
v0712,ARIARI,ChIJhUDJFUVZwokRkNERZsyOxWo,10,4,success,
v0713,Flex Mussels,ChIJt901K7xYwokRDN0HETz2x3s,10,4,success,
v0714,Soothr,ChIJ0aS81yNZwokRIk-S2YSuvls,10,4,success,
v0715,Jungle Bird,ChIJAcpCFvBZwokRdA1UO2M-MIo,10,4,success,
v0716,LumLum,ChIJeQxW7xZZwokRh32rrkOgatw,10,4,success,
v0717,Sogno Toscano Market & Wine Bar,ChIJq5wBWuBZwokR0IRl9hHfJzs,10,4,success,
v0736,Bocca di Bacco Chelsea,ChIJl5QsGrlZwokRj3c5S2YhFVU,10,4,success,
v0718,Wayan,ChIJm7ryTglZwokRsgnJB6CDMCo,10,4,success,
v0719,Le Petit Village,ChIJW7ilTZNZwokR7Gw48AU3Z0c,10,4,success,
v0720,St Tropez West Village,ChIJo9tLC5VZwokR9t8kMnIACK0,10,4,success,
v0721,Eleven Madison Park,ChIJEWbXz6ZZwokRLKmKrtPfVFY,10,4,success,
v0741,Buddakan,ChIJCwZXPr9ZwokR5m9eTycIFk8,10,4,success,
v0722,Torrisi,ChIJWd7fRdZZwokRhru5tn4KsVM,10,4,success,
v0723,Bibliotheque,ChIJvTUD4LZZwokRPYqxLi7y9Kg,10,4,success,
v0724,Double Chicken Please,ChIJI25hF09ZwokRnmmiXXONRf4,10,4,success,
v0725,The Musket Room,ChIJ3TJ4moVZwokRkyy0hZnv_RA,10,4,success,
v0726,Osamil,ChIJjzU486hZwokRR1xdL_9PWPU,10,4,success,
v0727,Cafe Cluny,ChIJ_WPcdpVZwokR6vSItP7fDZo,10,4,success,
v0728,Fellini Coffee - Upper West,ChIJZWiYSgBZwokRpCh9j27sNK4,10,4,success,
v0729,Bar Italia,ChIJCa9k1e1YwokRIV7xDB1XO88,10,4,success,
v0730,Sant Ambroeus West Village,ChIJN03iU5RZwokR84lClGFMbTo,10,4,success,
v0770,Nerea,ChIJP6roDYNZwokR4sbv1GVz-OI,10,4,success,
v0731,12 Chairs Cafe,ChIJIV5JimFZwokRy7PWY-Y9XvQ,10,4,success,
v0732,konban NYC,ChIJvWTRis1ZwokRTT9Et9dTcLE,10,4,success,
v0733,Nobody Told Me,ChIJoZT8P45bwokRknEjp8rGjSo,10,4,success,
v0734,Bin 71,ChIJX_oqBotYwokRFtZXHIdv5Ek,10,4,success,
v0735,Pepe Giallo,ChIJwZFdd7dZwokRR3fxLSNJGwo,10,4,success,
v0737,CLASS on 38th,ChIJ4UgFf6BZwokRjWj5RIInDQo,10,4,success,
v0738,OKDONGSIK New York,ChIJLWhJKBxZwokRT1h4ojorYyU,10,4,success,
v0739,Mermaid Oyster Bar,ChIJUw68EZJZwokRE9JElRWVp6c,10,4,success,
v0740,Dante West Village,ChIJubHjIlVZwokRaiUpZRO1rgE,10,4,success,
v0771,La Ripaille,ChIJ68rGN5VZwokR6cCbimuf1uY,10,4,success,
v0742,Boucherie West Village,ChIJq58thpNZwokRcsvqjnNzYcc,10,4,success,
v0743,Madame Bonté Wine Bar,ChIJ3VxUrJRZwokR2Ci4WWNlcIg,10,4,success,
v0744,Vanguard Wine Bar (Midtown West),ChIJrSqq6fZZwokRVGXi_iHUnhY,10,4,success,
v0745,Aria Hell's Kitchen,ChIJIWLdOldYwokROdK1xyMhYBo,10,4,success,
v0862,Korea Society,ChIJ1cRWVORYwokReBFoN-1_NMw,10,4,success,
v0746,La Pecora Bianca UWS,ChIJlYuHaAtZwokRTrF1jKtMdvg,10,4,success,
v0747,Berimbau Brazilian Kitchen - West Village,ChIJpZm095JZwokRGez02CCWhpE,10,4,success,
v0748,Aldo Sohm Wine Bar,ChIJFbIdkvhYwokRAicwcVjJ2io,10,4,success,
v0749,La Compagnie Centre,ChIJLdUjBIlZwokRE7GSMUrqovY,10,4,success,
v0750,Experimental Cocktail Club,ChIJcaHQbgBZwokR4J57HASEsDk,10,4,success,
v0751,San Sabino,ChIJ21VGCABZwokRyKrRkBeIAo4,10,4,success,
v0752,Petite Boucherie,ChIJye1nGZRZwokRpt8fmbCxNLE,10,4,success,
v0753,Ama Raw Bar,ChIJQ6VSwDFZwokRsMwSkPFU570,10,4,success,
v0754,Beefbar,ChIJKz8I-lpZwokRHwAtAIZu8Ng,10,4,success,
v0755,Clemente Bar,ChIJ6UzR7c9ZwokRRO7pi5eXZIM,10,4,success,
v0756,Marsanne,ChIJvUrPybtZwokRLpRG-xjwExQ,10,4,success,
v0757,Tea Dealers & Ceramics,ChIJX-qbRQBbwokRjyFZMiQ2aoI,10,4,success,
v0758,SAPPEISAN,ChIJh3cIsH1ZwokRpskBmPrszuU,10,4,success,
v0759,Bar Nena,ChIJ1ViUYqtZwokRKuml4U6LlIA,10,4,success,
v0760,Tokyo Record Bar,ChIJn2fZe5FZwokRKCC3Aw6ldPk,10,4,success,
v0761,Bar Bonobo,ChIJE0PoGPVZwokRN29jAbqSvjU,10,4,success,
v0762,Agency of Record,ChIJJVwBVNBZwokRgNz-BcH0zBk,10,4,success,
v0763,Codino,ChIJW3sojZJZwokR7WeuXo-TjP8,10,4,success,
v0764,StEight,ChIJldB8qZNZwokRYwDAq_cgDro,10,4,success,
v0765,CARTA Wine Bar,ChIJKzDkIQBZwokR1_OvS4ohkRg,10,4,success,
v0776,Olle,ChIJFaaMDfpZwokRVVbiDjKg93I,10,4,success,
v0777,ZOI,ChIJn_tR1OpZwokRXj3ZO5lvAJI,10,4,success,
v0778,Brigadeiro Bakery,ChIJc2LnjY1ZwokRrrHxV0JYHBY,10,4,success,
v0779,Monsieur Bistro,ChIJW0xteABZwokRFne771BS6Uk,10,4,success,
v0780,HOJOKBAN,ChIJ92UIyldZwokRj4AVxzDTXgU,10,4,success,
v0781,Samwoojung,ChIJHU7HaGVZwokRSGEGl32DHi0,10,4,success,
v0782,Spiga,ChIJq5dFPYVYwokR7SJ1_3TWq1E,10,4,success,
v0783,Tiny Dancer Coffee,ChIJM51x73NZwokRXT9XXTVEI8g,10,4,success,
v0785,The Standard Grill,ChIJN-93ZsBZwokRonoT5y_yB1c,10,4,success,
v0786,Aubi & Ramsa,ChIJa_u93-lZwokRjjcCQcGT6UU,10,4,success,
v0788,Ci Siamo,ChIJ_ci7bvdZwokRsL4rlCOqsMk,10,4,success,
v0789,Bar Orai,ChIJRe064n9ZwokRyyOH9sy364Y,10,4,success,
v0792,La Compagnie Flatiron,ChIJL4oFegpZwokR3k1iqemkIa4,10,4,success,
v0793,Lei,ChIJX97UMwBbwokRIFRlD1YzSRc,10,4,success,
v0794,Raf's,ChIJJU-UWk1ZwokRklDKrZ_9EZE,10,4,success,
v0797,Manhatta,ChIJoTXWl8dbwokRpKA2BJFVsGA,10,4,success,
v0798,Kafana,ChIJoRWJ3XlZwokRG88-orPcMUc,10,4,success,
v0799,Chateau Royale,ChIJS00WIgBZwokRD50iWafkCJk,10,4,success,
v0800,El Quijote,ChIJkZePoHtZwokR0FsTkwOF_lU,10,4,success,
v0802,Minetta Tavern,ChIJeQcZlpFZwokRjoemq-_w9QA,10,4,success,
v0806,Palma,ChIJw_xat5NZwokRpW-BtDpdsPs,10,4,success,
v0807,Le Coucou,ChIJyw5j84lZwokRnUI_UknPSNA,10,4,success,
v0808,Gaonnuri,ChIJ_xUY2qhZwokRDDqPeRtPQJM,10,4,success,
v0809,Sidecar at PJ Clarke's,ChIJi9qxZuRYwokRDQVN-GPhCgI,10,4,success,
v0810,Cecchi's,ChIJwbiIbj1ZwokRQxLK96ov07g,10,4,success,
v0813,Golden Diner,ChIJ1-mW-LhbwokR7Ryv5ha-gzc,10,4,success,
v0814,Lucia Alimentari,ChIJwfkcdQBbwokRcIwtc1w0MkA,10,4,success,
v0815,Yellow Rose,ChIJ86Q39ndZwokRJTOUVW7RD-I,10,4,success,
v0816,Ichibantei,ChIJ5dru_nVZwokRarWwk6cjQZk,10,4,success,
v0817,Rosie's,ChIJZdHB7oRZwokRLygeCAedjWo,10,4,success,
v0818,da Toscano,ChIJIQZOb3ZZwokRyF8ODmJo4so,10,4,success,
v0819,NAKAJI,ChIJX20rB1VbwokRM2mtS1kd9u0,10,4,success,
v0820,Luthun,ChIJ2V6T8ixZwokRlJ9kJkQmcmY,10,4,success,
v0821,Crevette,ChIJ94LFiGZZwokRWfbAft9eBNo,10,4,success,
v0823,Saint Tuesday,ChIJacUcvQZbwokRUS4kvIlIz4o,10,4,success,
v0826,Overstory,ChIJ_8dmJ0lbwokRIJHQFfXiMNo,10,4,success,
v0827,The Portrait Bar,ChIJo-4H-GJZwokR6zOIA9JH7Kc,10,4,success,
v0828,Bemelmans Bar,ChIJEQ6D9pRYwokRS-qUAZyIb6k,10,4,success,
v0829,Angel's Share,ChIJiyiwQFdZwokR7rsRrrchLJk,10,4,success,
v0830,Buvette,ChIJEwHZcZNZwokR810IgyQhoZM,10,4,success,
v0831,Le Rock,ChIJNbTIf5BZwokRjbkuTrLZVB4,10,4,success,
v0832,Daniel,ChIJ09ZGju5YwokRXOcNC23JRwk,10,4,success,
v0833,Valerie,ChIJSwCKq09ZwokRi8XLm06owuQ,10,4,success,
v0834,The Belfry,ChIJMbSU-Z5ZwokR3-m6TX-z8uQ,10,4,success,
v0835,The Up & Up,ChIJN0f2iJFZwokRt53h0ISm3eE,10,4,success,
v0836,Paradise Lost,ChIJr_CugNxZwokRYRqcXtzJ8sQ,10,4,success,
v0837,Ampersand,ChIJa06hm6BZwokRzyR2qi1LTMw,10,4,success,
v0838,Hard to Explain,ChIJZyhu1alZwokRDu4FC-wriY4,10,4,success,
v0839,Monkey Bar,ChIJm9ZmFPtYwokR4GjMlk_y7Fg,10,4,success,
v0840,Dear Irving on Broadway,ChIJ7fw5LxNZwokRCXHYggBYHhU,10,4,success,
v0841,Nothing Really Matters,ChIJzYGZaYVZwokReGxLxgK2oNw,10,4,success,
v0842,Little Ned,ChIJuxxChutZwokRbfsZA43EGCE,10,4,success,
v0843,The Metropolitan Museum of Art,ChIJb8Jg9pZYwokR-qHGtvSkLzs,10,4,success,
v0844,Museum of Modern Art (MoMA),ChIJKxDbe_lYwokRVf__s8CPn-o,10,4,success,
v0845,Whitney Museum of American Art,ChIJN3MJ6pRYwokRiXg91flSP8Y,10,4,success,
v0846,Solomon R. Guggenheim Museum,ChIJmZ5emqJYwokRuDz79o0coAQ,10,4,success,
v0847,The Frick Collection,ChIJHRH97uxYwokR6CBeDyn1jtg,10,4,success,
v0848,New Museum,ChIJlaRS3IVZwokR2llMD6dCt-U,10,4,success,
v0849,Neue Galerie,ChIJ01_9-ZdYwokRL2JrA28GJp8,10,4,success,
v0850,The Morgan Library & Museum,ChIJ3453OAdZwokRja92OOKCugM,10,4,success,
v0852,"Cooper Hewitt, Smithsonian Design Museum",ChIJsT8qSaJYwokR-m20OGJUKCA,10,4,success,
v0856,Brant Foundation,ChIJe75-ZBFZwokR9cc1F3J8Ya4,10,4,success,
v0857,Museum of Arts and Design,ChIJgVtmM_ZYwokRcJJnebe5KX8,10,4,success,
v0858,American Folk Art Museum,ChIJEeD6FPVYwokRgs0ZbWMrrzk,10,4,success,
v0859,Asia Society,ChIJeXQWdutYwokRuHX2h1so5K4,10,4,success,
v0863,International Center of Photography,ChIJ5YRc6oVZwokRcRC4WKbR6_s,10,4,success,
v0865,Drawing Center,ChIJDTWukItZwokREUciPmdlVy0,10,4,success,
v0866,Museum at FIT,ChIJzT4qRatZwokRELNiRd8Su_4,10,4,success,
v0869,Museum of American Illustration,ChIJYfOLGO9YwokRr_IPu4VTkkQ,10,4,success,
v0870,Bard Graduate Center,ChIJEfCY1IRYwokRfw8kJf_VsFg,10,4,success,
v0872,Center for Architecture,ChIJQ3JfxpFZwokR5bsw1ektmrQ,10,4,success,
v0873,Chaim Gross Studio Museum,ChIJuxyCxJFZwokRgbiEWGdS-yY,10,4,success,
v0874,Metrograph,ChIJ58HssClawokRefq6VNIOrlY,10,4,success,
v0875,Film Forum,ChIJW3q6Yo1ZwokRwnpMeNyWLFs,10,4,success,
v0876,IFC Center,ChIJjSKIz5NZwokRTS3NUw8-59o,10,4,success,
v0877,Angelika Film Center,ChIJQ1RTt49ZwokRgYgqG6DdK2w,10,4,success,
v0878,Village Vanguard,ChIJ1Y0Fz5VZwokRia-gnWy02iE,10,4,success,
v0879,Smalls Jazz Club,ChIJu55raJRZwokReRL9b1tLmQo,10,4,success,
v0880,Dizzy's Club,ChIJp3PsL_ZYwokRUH1k95teGuM,10,4,success,
v0881,Smoke Jazz Club,ChIJS_7f3yT2wokR4dsAb0bTwDo,10,4,success,
v0882,Blue Note,ChIJbfTV15NZwokRSeNM676BEZI,10,4,success,
v0883,Bowery Ballroom,ChIJLQUUOYZZwokR1BfSFbM-XB4,10,4,success,
v0885,Comedy Cellar,ChIJmzPYgJFZwokRg4zUwTlZwtI,10,4,success,
v0886,Caveat,ChIJZ5ZN9YFZwokRnMuRVzOfcjk,10,4,success,
v0887,UCB Theatre NY,ChIJYwz0-YJZwokR1XOunnE1Pe4,10,4,success,
v0888,New York Comedy Club,ChIJo_QP4ApZwokRmLGH_gwnxsI,10,4,success,
v0889,The Public Theater,ChIJg5pz_5pZwokRdKk49MHbCuo,10,4,success,
v0891,Aire Ancient Baths,ChIJ63NebSBawokRnDuPylB7t38,10,4,success,
v0892,Russian & Turkish Baths,ChIJT6uag51ZwokRBV2vUMM3FWQ,10,4,success,
v0893,Little Island,ChIJL-CJmTFZwokRsPcqje_bn7w,10,4,success,
v0894,The High Line,ChIJ5bQPhMdZwokRkTwKhVxhP1g,10,4,success,
v0895,The Strand,ChIJnSKGEJlZwokRQIpiCvzKzV4,10,4,success,
v0896,McNally Jackson,ChIJwaHnQI9ZwokRvlECeQqpHdg,10,4,success,
v0897,Three Lives & Company,ChIJ4SYiPZRZwokRM_H1_7dJhMY,10,4,success,
v0898,Rizzoli Bookstore,ChIJg3UvcfpYwokRDr3VC4a_dt0,10,4,success,
v0899,Housing Works Bookstore Cafe,ChIJSaRjC49ZwokR402Rpxj6i9Q,10,4,success,
v0900,Printed Matter,ChIJLQJnarhZwokRHJ0KgCtCSdA,10,4,success,
v0901,Russ & Daughters,ChIJ7VEEjYNZwokRS0bdsXA3uyg,10,4,success,
v0902,Apollo Bagels,ChIJ70FfawBZwokR0OHOmiwNIIc,10,4,success,
v0903,Ess-a-Bagel,ChIJZyVQJONYwokREKv0a1J7bFI,10,4,success,
v0904,Tompkins Square Bagels,ChIJE6gmLnZZwokR29K3YdImdPM,10,4,success,
v0905,Absolute Bagels,ChIJLW3vMzv2wokRGt6nI1lYw8A,10,4,success,
v0906,Katz's Delicatessen,ChIJCar0f49ZwokR6ozLV-dHNTE,10,4,success,
v0907,2nd Ave Deli,ChIJt7eiMQZZwokRZgq-ovGJhxc,10,4,success,
v0908,Sarge's Deli,ChIJR_f8ggZZwokRdfXSsyN0IGU,10,4,success,
v0909,Nom Wah Tea Parlor,ChIJqwvF8CZawokRwi6ijQhRGD0,10,4,success,
v0910,Golden Unicorn,ChIJXczCZSZawokRerIzds-K5e0,10,4,success,
v0911,Tim Ho Wan,ChIJ8WvaWJlZwokRp1RxTb8QUrE,10,4,success,
v0912,Essex Market,ChIJ7fydz4BZwokRl6FuOJM5QPU,10,4,success,
v0913,Urban Hawker,ChIJr1fdzW5ZwokRued6zB68vpk,10,4,success,
v0914,Chelsea Market,ChIJw2lMFL9ZwokRosAtly52YX4,10,4,success,
v0915,Morgenstern's Finest Ice Cream,ChIJ4UKqfQBZwokRFwNLsmqf39M,0,0,no_photos_returned,
v0916,Van Leeuwen (Downing St),ChIJg8zh0XpZwokRkh8kix2uUik,10,4,success,
v0917,Il Laboratorio del Gelato,ChIJ6yiuIodZwokRoAGoRh5xSlw,10,4,success,
v0918,L'Arte del Gelato,ChIJeygrnpNZwokRJTHAp_ssF3I,10,4,success,
v0920,Levain Bakery (UWS),ChIJsZ5hHIlYwokRkNYj6Fip1UI,10,4,success,
v0921,Supermoon Bakehouse,ChIJcTYla4FZwokRYe11aG3tgqk,10,4,success,
v0922,Lysée,ChIJw9h8wGpZwokRitJrDNaSqrg,10,4,success,
v0923,Librae Bakery,ChIJDyCs8UNZwokRaNcdvn_c6jU,10,4,success,
v0946,Red Gate Bakery,ChIJWUWUxuJZwokRFaRXghmm1A0,10,4,success,
v0924,Mah-Ze-Dahr Bakery,ChIJU7XySD9bwokRzxnhM1S8uWw,10,4,success,
v0925,Dominique Ansel Bakery,ChIJP0KOWoxZwokRmvPiQAIaH1A,10,4,success,
v0926,Ladurée Soho,ChIJM767a4xZwokRXyq8NCoE33I,10,4,success,
v0927,Setsugekka,ChIJF1mkwpxZwokRLSwkdI11UfQ,10,4,success,
v0928,Lady M Confections (Midtown),ChIJtTfSt_5YwokRqu18LUpN93Q,10,4,success,
v0929,Magnolia Bakery (West Village),ChIJF9Du35RZwokRFGd0oc4diZs,10,4,success,
v0930,Breads Bakery (Union Square),ChIJcWebfphZwokRRrPNZD7byJw,10,4,success,
v0931,Kreuther Handcrafted Chocolate,ChIJT43Xr6pZwokRg3ExTP-Bd9E,10,4,success,
v0932,Taiyaki NYC,ChIJJWY834lZwokRamN-INPv7Yk,10,4,success,
v0945,LÀ LÁ Bakeshop,ChIJmTujXY9ZwokR7UjazIQZvHg,10,4,success,
v0933,Spot Dessert Bar,ChIJ0QCeh5tZwokRh9J_3uvSPjU,10,4,success,
v0934,Bourke Street Bakery,ChIJiXYeT8FZwokR0i8FJw7l16s,10,4,success,
v0935,Aux Merveilleux de Fred,ChIJzQKlfZVZwokRlYqgTIq1Pu0,10,4,success,
v0936,Li-Lac Chocolates (West Village),ChIJAaAOfJVZwokRDLeuyxiz80I,10,4,success,
v0937,Pasticceria Rocco,ChIJ9Tr8spNZwokRK7Th-8nYiQs,10,4,success,
v0938,Molly's Cupcakes,ChIJcymmSJJZwokR2QAVzWB_0LA,10,4,success,
v0939,Claude Bakery,ChIJ39G685NZwokR3VomrYwr_io,10,4,success,
v0940,Fabrique Bakery,ChIJPxB9-h1ZwokRQcZ_RJXddvA,10,4,success,
v0941,Veniero's Pasticceria & Caffè,ChIJ7yAJwJ1ZwokR1Y-x_5Dg434,10,4,success,
v0942,Abraço,ChIJA9c33pxZwokRzubVjQK9pFM,10,4,success,
v0943,Davey's Ice Cream,ChIJBxhQcdtZwokRZZDSUen2K1w,10,4,success,
v0944,La Cabra Bakery,ChIJT994RulZwokRdgqQX0zc3QY,10,4,success,
v0947,Hani's Bakery + Café,ChIJByiSaABZwokRGipTzKceyiI,10,4,success,
v0948,Lafayette Grand Café & Bakery,ChIJBVtTt5pZwokR48CgdYqHma8,10,4,success,
v0949,Levain Bakery (NoHo),ChIJdXpUxMtZwokRq904Bbqnuw0,10,4,success,
v0950,The Dessert Bar at Patisserie Chanson,ChIJ0QCeh5tZwokRh9J_3uvSPjU,10,4,success,
v0951,Eataly NYC Flatiron (La Gelateria),ChIJSxJ9PwBZwokR2vC-OxOz24c,10,4,success,
v0952,Maman (Flatiron / NoMad),ChIJPR-8N6RZwokROvrr-k3dqcw,10,4,success,
v0953,Dough Doughnuts (Flatiron),ChIJFQLWr5VbwokRnbtHDMFSBeE,10,4,success,
v0954,Salswee,ChIJkbGkQL5ZwokREYY-idAfgik,10,4,success,
v0955,Cucina Alba,ChIJq2l67vVZwokRawLimcw_ReY,10,4,success,
v0956,Maderas Cafe,ChIJm9ALcyRZwokRiv6uOzTcE0Y,10,4,success,
v0957,Rolo’s,ChIJWUhoPQhdwokRYsDwo5qMnMU,10,4,success,
v0958,Sans Bakery,ChIJAQAAN9NewokR2dCgPoJCF3w,8,4,success,
v0959,143 Social,ChIJ3QGBQHNRwokREp2WgOkWtuE,10,4,success,
v0960,Between the Bagel NY,ChIJN3cjcUdfwokRXhubFnKEnWA,10,4,success,
v0961,Bohemian Hall & Beer Garden,ChIJtSsFAUNfwokRO3f-fhaB10E,10,4,success,
v0962,Château le Woof,ChIJzTLtYUlfwokREss7JqDS5qo,10,4,success,
v0963,Coba Pizzeria,ChIJpRN4BABfwokRaFoz3jQ5zhc,10,4,success,
v0964,GanBlaze,ChIJP8DBhlFhwokRNYw10D3xX8w,10,4,success,
v0965,IBN Hamido Seafood,ChIJV6G4us9fwokRy4GOF89i6nE,10,4,success,
v0966,Lichen,ChIJp364gdtbwokRBjosnaBoGpc,10,4,success,
v0967,Little Flower Cafe,ChIJs_GSrAxfwokRrXbHbDCmc5w,10,4,success,
v0972,Salty Lunch Lady's Little Luncheonette,ChIJd1wnL-dfwokRlYBRhDQwS80,10,4,success,
v0968,MOGMOG,ChIJP196UmFZwokR9HJCzWGczA4,10,4,success,
v0969,O2 K-BBQ,ChIJyXTkk95ZwokR6n2xD3YqStk,10,4,success,
v0970,PYO Chai,ChIJVWoFRWxfwokRX4ycCvKjGQs,10,4,success,
v0971,Record Room,ChIJs9zFrSlZwokRaqr9sgbQ-7Y,10,4,success,
v0974,Topos Bookstore Cafe,ChIJqz4FeCdcwokRgOU9y9R1Pow,10,4,success,
v0975,Verse,ChIJD-V4AgBfwokRA9fa8LYFabI,10,4,success,
v0976,Xin Fa Bakery,ChIJYT0DY0pFwokRBzS237DmqoI,10,4,success,
v0977,Attaboy,ChIJDbQMBIdZwokRVS4L8B8V5SA,10,4,success,
v1000,Taverna Kyclades Astoria,ChIJ90pvtWdfwokRw86tuNLCG7g,10,4,success,
v0978,Jack's Wife Freda,ChIJA4i114hZwokRaqeyrmI80x0,10,4,success,
v0979,Shu Jiao Fu Zhou,ChIJ3au6oIdZwokRRpuRY9nbgik,10,4,success,
v0980,L&B Spumoni Gardens,ChIJqz1lIlVEwokRyXTXxNS4Rb0,10,4,success,
v0981,Brennan & Carr,ChIJIR1zpoREwokR4K-1vhYrzv0,10,4,success,
v1002,Dar Lbahja,ChIJvSQnKgBfwokRh3-LDnkYgW4,10,4,success,
v0982,Roll N Roaster,ChIJyZn7GXlEwokR8z0rpM0kTUU,10,4,success,
v0983,Birria-Landia,ChIJ0wbVyUhfwokRd2iTfd08w34,10,4,success,
v0984,Taqueria Coatzingo,ChIJRR_EVgdfwokR9p-sd_XlkyY,10,4,success,
v0985,"Sal, Kris & Charlie's Deli",ChIJP4jmPGhfwokR6NzPhqksmhY,10,4,success,
v0986,Henan Feng Wei,ChIJj_AZvhFgwokRvh7oLaggI9Q,10,4,success,
v0987,New Park Pizza,ChIJmfrimH1nwokRhflc9s_zHSU,10,4,success,
v0988,Astoria Seafood,ChIJ-ecLnC5fwokRTsOuoOsTC6U,10,4,success,
v0989,Louie & Ernie's Pizza,ChIJHaL2lUWLwokRaeoqV_Sr8KM,10,4,success,
v0990,Lee's Tavern,ChIJe7mbW8FOwokRgiTPZZmsnec,10,4,success,
v0991,Thai Diner,ChIJQyFr6-FZwokRr23JK7BC7_g,10,4,success,
v0993,Torrisi,ChIJWd7fRdZZwokRhru5tn4KsVM,10,4,success,
v0994,Cocina Consuelo,ChIJEyoj-4f3wokRYFZu3Lywqd8,10,4,success,
v0995,Ha's Snack Bar,ChIJ--ORRABZwokRjpPKbOlCC1k,10,4,success,
v0996,Trinciti Roti Shop & Restaurant,ChIJldBYqUdnwokRZjmk27CkPKQ,10,4,success,
v0997,Bolivian Llama Party,ChIJ4T48ovNfwokRzcUcEojz55M,10,4,success,
v1003,Little Flower Cafe,ChIJs_GSrAxfwokRrXbHbDCmc5w,10,4,success,
v1004,Abuqir,ChIJLfbhP2pfwokRvwGbpdfqH8Q,10,4,success,
v1005,Sami's Kabab House,ChIJp_5OfTJfwokRPTrvl90VXkw,10,4,success,
v1006,Sorriso Italian Salumeria,ChIJB7O1nRVfwokRitEjUEYYqyQ,10,4,success,
v1007,Between the Bagel NY,ChIJN3cjcUdfwokRXhubFnKEnWA,10,4,success,
v1008,Milkflower,ChIJnyeHDzlfwokRKnfZjO04r_w,10,4,success,
v1009,District Saigon,ChIJVeu9vztfwokRjvnSb6ovSn8,10,4,success,
v1010,Ruta Oaxaca Mexican Cuisine,ChIJl_vq3odfwokRa-8QKSQI3Ys,10,4,success,
v1011,KAL,ChIJK78WHdJfwokRUSB1Tkuz_xU,10,4,success,
v1013,Joe’s Steam Rice Roll,ChIJW4wPyxFgwokRpnSXQ3iZDDw,10,4,success,
v1014,Nan Xiang Soup Dumplings - Flushing,ChIJVz4MXA5gwokRhGRy5-dJryQ,10,4,success,
v1015,Xing Fu Tang Flushing,ChIJwy3FzephwokRioE1cMczi58,10,4,success,
v1016,Seafood City,ChIJl0Bg93uMwokRaYD9gXNnzGs,10,4,success,
v1017,The Original Crab Shanty,ChIJg-5OF3mMwokRLWcz9lsaWNo,10,4,success,
v1018,City Island Lobster House,ChIJZ1ACO2OMwokRCBSCJTf9140,10,4,success,
v1019,Johnny's Reef,ChIJh4kgf4-LwokRNpMUb_r4n70,10,4,success,
v1020,Hellbender,ChIJG4RMPa1dwokRBET-URZXZJU,10,4,success,
v1021,Wayla,ChIJx-dP1L9ZwokRUJWDOIcgTG4,10,4,success,
v1022,Potluck Club,ChIJ7yN3d6tZwokRATR9U3lAqLg,10,4,success,
v1023,Shanghai You Garden,ChIJH8LwGw5gwokRk9ncph3wEUI,10,4,success,
v1024,White Bear,ChIJZZBJcg5gwokROTWAGansSV4,10,4,success,
v1025,Mountain House Flushing 川山甲,ChIJ2WLOZg5gwokR-ZgAQ3W-sEQ,10,4,success,
v1026,Nurlan Uyghur Restaurant,ChIJX7UZiSFhwokR8w-EG3E6SJ0,10,4,success,
v1027,Eight Jane,ChIJMY6fzw9gwokRX7-iYzxPwEI,10,4,success,
v1028,PanBao66 六六生煎王,ChIJ7xVrayphwokRWBIW4LXunCw,10,4,success,
v1029,Balzem,ChIJa128pIhZwokRnoPKJguYBCA,10,4,success,
v1030,Bar B,ChIJN8pqyL1ZwokROZD7528Tn5M,10,4,success,
v1031,COQODAQ,ChIJp-hnIhNZwokRq1FijMduZrM,10,4,success,
v1032,Atoboy,ChIJZ-xpvadZwokRGVsoX2gW38s,10,4,success,
v1034,Tartina,ChIJz9tb0FNYwokR_Ge2LeC4E1A,10,4,success,
v1035,Keens Steakhouse,ChIJ5804KalZwokRzGll2Rm7nag,10,4,success,
v1036,VITE vinosteria,ChIJu_ZPCDlfwokRNS7856uUxDk,10,4,success,
v1037,Bar Primi Penn District,ChIJ3RWZH4dZwokR7glpy1CBkdo,10,4,success,
v1038,Nogari,ChIJjyOBoMpZwokRAQZa3YXhx8Y,10,4,success,
v1039,Gao's BBQ & Crab,ChIJwWzuH4phwokR1-It_OVi__4,10,4,success,
v1040,Alley 41,ChIJmQ7DvBFgwokRBNJbyDc81oI,10,4,success,
v1041,Il Buco,ChIJrbkQPIVZwokRLZABuyqHmoc,10,4,success,
v1042,R40,ChIJmfa2wdVZwokRQhZSfY9P4p0,10,4,success,
v1043,56709,ChIJh-WAz2RZwokRszUocABj4LY,10,4,success,
v1044,Maisonetta,ChIJ6ZxdNlX1wokRtDoCPt_Iy4I,10,4,success,
v1045,Takumen,ChIJh_i0biNZwokR7X8nFpR4L8g,10,4,success,
v1046,Tournesol,ChIJ2zaeXSNZwokRKugqI9AMNjc,10,4,success,
v1047,Popina,ChIJ4aBPvVxawokRp3MR5LZRlN4,10,4,success,
v1048,Forsythia,ChIJ6Xa02cFZwokRv_5HQ3fHoHk,10,4,success,
v1049,Tobalá,ChIJPbOOFvPzwokRttFt-acm5qo,10,4,success,
v1050,Angel Indian Restaurant,ChIJ1wuWgyxfwokRsawxQvB8hMo,10,4,success,
v1051,The Met Cloisters,ChIJK6bycAH0wokRrSnflfrnkZE,10,4,success,
v1052,Bronx Museum of the Arts,ChIJDbNgaTH0wokRRQPTw1E93GY,10,4,success,
v1053,MoMA PS1,ChIJwfbFiiNZwokRN8hnF940DbY,10,4,success,
v1054,Noguchi Museum,ChIJUZ0c7MpYwokRh8SiMzCXL98,10,4,success,
v1055,Studio Museum in Harlem,ChIJ_ShwXw32wokRQJpaKAIcCOo,10,4,success,
v1056,Hispanic Society Museum & Library,ChIJv9uJC4b2wokRI7r1wOp3AHw,10,4,success,
v1057,China Institute,ChIJE-iut-5YwokRbqYA43qZyCs,10,4,success,
v1058,SculptureCenter,ChIJg8J0MipZwokRO03w0rQvXJc,10,4,success,
v1059,Socrates Sculpture Park,ChIJvcjmWLVYwokRFz2FMdi00cA,10,4,success,
v1062,Queens Museum,ChIJmWMJBtBfwokR5qK7waLcgAM,10,4,success,
v1064,Alamo Drafthouse Lower Manhattan,ChIJrYQRAcdbwokRv5M_GCGiQUY,10,4,success,
v1065,World Spa,ChIJlTAAft1EwokR3acGnzJxmY8,10,4,success,
v1066,Governors Island,ChIJT4N92npawokRNfXHEXmRwng,10,4,success,
v1067,The New York Botanical Garden,ChIJyRUHuHzzwokRPxVBNKhcP9c,10,4,success,
v1068,Fort Tryon Park,ChIJTZ18cAH0wokR1HfVR86mzEA,10,4,success,
v1069,Rice to Riches,ChIJy8w8ewBZwokR8jxGgMZQ9u8,10,4,success,
v1071,Cannelle Patisserie,ChIJ50XsfwpfwokRSX_SiItna1o,10,4,success,
v1072,Martha's Country Bakery,ChIJowFop2hfwokROgVQ1b2LL2I,10,4,success,
v1073,Artuso Pastry Shop,ChIJW3Cjz4b0wokRw-nKbYBqNB0,10,4,success,
v1074,Lips Cafe,ChIJk7EOgLlbwokRG3YnXFgm6S0,10,4,success,
v1075,Land to Sea,ChIJDeMIF1xZwokRoII7oV2s-HE,10,4,success,
v1076,As you like,ChIJCbecnoVZwokRiMxQmAt9pxk,10,4,success,
v1077,Carousel,ChIJS3GApRNdwokRQ5wdnB5qpDA,10,4,success,
v1078,Devoción,ChIJi7flemFZwokRDpIJuxfOGek,10,4,success,
v1079,Have & Meyer,ChIJbXC6C19ZwokRXOXRQspVwTM,10,4,success,
v1080,SEY Coffee,ChIJtz83BQFcwokRrUZ9HpeGOng,10,4,success,
v1081,The Four Horsemen,ChIJbTCMl19ZwokRUohF137p9cQ,10,4,success,
v1082,Cafe MSMN,ChIJt5dIF-lZwokRZzogeAzB3EU,10,4,success,
v1083,Jupiter Disco,ChIJeXkk5qdewokRPjp8s5BDauo,10,4,success,
v1084,Mood Ring,ChIJp5MjfgVcwokREwMdmFvtrQ8,10,4,success,
v1085,PPL,ChIJEa4-I9BbwokRhCUh5oXkWY0,10,4,success,
v1086,ACRE,ChIJi7zDhGVZwokRwoHkVROLwlk,10,4,success,
v1087,Black Mountain Wine House,ChIJRbPB4FZawokRXP763NbNRHU,10,4,success,
v1088,Mr. Melo,ChIJLfNNGJNZwokR5H_5qlF22zk,10,4,success,
v1089,Twins Lounge,ChIJofE6JSBZwokRkOG-yB0pXns,10,4,success,
v1090,usagi,ChIJn1K9TDJawokReSrf6lk1Xck,10,4,success,
v1091,Win Son Bakery,ChIJWUWEmp9bwokRD6Q20axkQoc,10,4,success,
v1092,% Arabica,ChIJd1M9O0xbwokRi1mu1DC93xY,10,4,success,
v1093,BABA on Withers,ChIJIThsB6NZwokRMhJbqlyA6XY,10,4,success,
v1094,Bossa Nova Civic Club,ChIJaXNoiAVcwokR83X6EYS3Y0A,10,4,success,
v1095,Cherry on Top,ChIJx6xAS4FdwokR0Lxbx7PlBEY,10,4,success,
v1096,Clementine Bakery,ChIJ53fC_5VbwokRaTVVX0NrNZo,10,4,success,
v1097,Eavesdrop,ChIJHdUJnfpZwokR96zcINvxiUU,10,4,success,
v1098,Elsewhere,ChIJrVAECUhfwokRsoEFM0dN67Q,10,4,success,
v1099,House of Yes,ChIJ72D9N6tewokRyQSjsElG8x8,10,4,success,
v1100,KIJITORA mini,ChIJ02sY7ydZwokRQNtTpmBywcc,10,4,success,
v1102,Lovebirds Wine Bar + Bistro,ChIJF7ZQJwhZwokRQ1NMKWeeF1E,10,4,success,
v1256,GG's Social Trade & Treasure Club,ChIJQVZrRwVcwokRF5_8h3iicnQ,10,4,success,
v1103,MISIPASTA,ChIJ6yQJPWJZwokRRNJS9LYAdwc,10,4,success,
v1104,Nook,ChIJ9X57zTpdwokRPdjuSuDrv1Y,10,4,success,
v1105,Partners Coffee — Cafe & Roastery,ChIJ0zAa911ZwokRQlmIU8v4Kzs,10,4,success,
v1106,"RHYTHM ZERO, GREENPOINT",ChIJ_R0w0SRZwokRCUZlNLG9B-A,10,4,success,
v1107,Rite Of Passage,ChIJPfYLx19ZwokRQNG2gsSS04M,10,4,success,
v1108,Sunday In Brooklyn,ChIJkRWC9WFZwokRfa5Uzor3e-g,10,4,success,
v1109,Vaux Vintage,ChIJS3EbFndZwokRInpccxCtTWY,10,4,success,
v1110,Vinegar Hill House,ChIJ1xNe4cxbwokRnDw-6Rvhxng,10,4,success,
v1111,With Others,ChIJPygkVEZZwokRKQzWA9zRYcA,10,4,success,
v1112,10 ft Single by Stella Dallas,ChIJPWUjLVlZwokRYTvLEtNHztg,10,4,success,
v1113,Artists & Fleas Market Williamsburg,ChIJY8xvoGdZwokRSf9g5zR8XKE,10,4,success,
v1114,Aurora Brooklyn,ChIJkyeocGFZwokRnutbkIk-vCo,10,4,success,
v1115,Awoke Vintage Brooklyn,ChIJ4aLhA15ZwokRkBFVFvMKmJY,10,4,success,
v1116,Brooklyn Ball Factory,ChIJqybi5fxbwokR3x90J-l6QaM,10,4,success,
v1117,Cafe Balearica,ChIJn9pEpsRZwokR0kE0SBuf1Vw,10,4,success,
v1118,Frog,ChIJz89WhqRbwokRFdTyd50jkIg,10,4,success,
v1119,Kettl Tea - Greenpoint,ChIJHVqM3eFZwokR8EULdHItPac,10,4,success,
v1120,La Cabra,ChIJhXxIXildwokR8lM-ySNg4j0,10,4,success,
v1121,Lion's Milk,ChIJRdQmkF5ZwokRFhQp8SEm1pA,10,4,success,
v1122,Loaf on Paper by niconeco zakkaya,ChIJl8WyQwBZwokRUCv20dsNXPg,10,4,success,
v1123,Malin Landaeus,ChIJ91iO4F1ZwokRLZQwywUK0Tg,10,4,success,
v1124,Maru Coffee,ChIJzSENMABZwokRTHg4SiagKLM,10,4,success,
v1125,Molasses Books,ChIJPwMNNBtcwokRpqb-cnbs76s,10,4,success,
v1126,Ornithology Jazz Club,ChIJ8SrMcWVdwokRAqKQSZARpE0,10,4,success,
v1127,Qahwah House Coffee,ChIJncEfclNZwokRbp1V57MpWxg,10,4,success,
v1128,Radio Star,ChIJMVIviv5ZwokRZOz215uVhGo,10,4,success,
v1129,Seven Wonders Collective (Williamsburg),ChIJqc6KlaJZwokReHbV99dK6c0,10,4,success,
v1130,SORBARA’S,ChIJe71ykH5ZwokRXdqmQfin63s,10,4,success,
v1131,St. Mazie Bar & Supper Club,ChIJSy8Bbl9ZwokR8QnOQHNn4hk,10,4,success,
v1132,The Red Pavilion,ChIJ0yriMBVfwokRQqyrtiMnVPU,10,4,success,
v1133,Time Out Market New York,ChIJ9aMCWaxbwokRZHJGmTBxFtQ,10,4,success,
v1134,Urban Jungle,ChIJMQcg0ANcwokRoM3AJoyxFsc,10,4,success,
v1135,Amarcord Vintage Fashion,ChIJSWViHF5ZwokRyi57w3oYCKg,10,4,success,
v1136,Anaïs,ChIJR9uKg5tbwokR-45Jeyx40ms,10,4,success,
v1137,Ask For Janice,ChIJATHmaWVZwokRDCLWBIoq8ZU,10,4,success,
v1138,Bar Blondeau,ChIJvz7ih4RZwokR2T3AC5NtWrY,10,4,success,
v1139,Bar Rêve,ChIJ2YpvPEdbwokRZFF2gfqDNT0,10,4,success,
v1140,Barely Disfigured,ChIJlQABxVBawokRvy_Se3f2bsQ,10,4,success,
v1141,Bedford Vintage,ChIJ4XP30wpZwokR3oLSZp7jKws,10,4,success,
v1142,Black Spring Books,ChIJQ2dpiKZZwokRbvt2sv6vQZk,10,4,success,
v1143,Cafe Alula,ChIJk_a7BXpZwokRnin8XBcCtpo,10,4,success,
v1144,Ceremonia Bakeshop,ChIJuW1za91ZwokRx7ivJm6NsLI,10,4,success,
v1145,Copper Mug Coffee,ChIJ-W5FnD1ZwokRX_Bk36vG_dg,10,4,success,
v1146,Dead Letter No. 9,ChIJX-L8A7NZwokRobldVSSNdJk,10,4,success,
v1147,Desert Island,ChIJXbCxB1lZwokRTQDMk0spJPs,10,4,success,
v1371,Taqueria Ramirez,ChIJDw8CYIpZwokRm_KQDaRtTK0,10,4,success,
v1148,Dobbin St Vintage Co-op,ChIJCQx8zBtZwokRn-bRD3IjjqI,4,4,success,
v1149,DOLORES,ChIJwYDDibRbwokR7p0WTQvV1Y8,10,4,success,
v1150,Doris,ChIJxUIhOphbwokRBc54moYzW6M,10,4,success,
v1151,Esse Taco,ChIJNcghJthZwokRbXz53Nk9gU4,10,4,success,
v1152,Foster Sundry,ChIJsbUGbANcwokRnLsm5yKFtAg,10,4,success,
v1153,Frankies 457 Spuntino,ChIJm7uvMfZawokRNR0XRCotzWY,10,4,success,
v1154,Fresh Kills Bar,ChIJ73OnWWBZwokRquwaGqxcB9s,10,4,success,
v1155,Front General Store,ChIJO89klTNawokRtfxhZ4wVLSI,10,4,success,
v1157,Grand Street Local,ChIJAQCUUWBZwokR_AfT8aSG3ek,10,4,success,
v1158,Happy Zoe Vegan Bakery,ChIJTSX5qcdZwokRfVmgTWBDxZI,10,4,success,
v1159,Hide & Seek,ChIJ5x9XaIpZwokRl3nSTwXki6A,10,4,success,
v1160,Honeycomb Hi-Fi Lounge,ChIJEQPOoMFbwokRAUbJwqJ5kHY,10,4,success,
v1161,Hotel Delmano,ChIJhetgc11ZwokRbeyJxf75Jmo,10,4,success,
v1162,Juliette Restaurant,ChIJmzYoB15ZwokROjsEj7yZM_k,10,4,success,
v1163,Karasu,ChIJy__PzLBbwokR0SiKUYfQR1M,10,4,success,
v1164,Kellogg’s Diner,ChIJIccpGllZwokRx0BsEyyeQg4,10,4,success,
v1165,KIJITORA,ChIJ02sY7ydZwokRQNtTpmBywcc,10,4,success,
v1166,KIJITORA East,ChIJ75IC0XlZwokRV9rAhAJ3c8w,10,4,success,
v1167,L Train Vintage,ChIJxaTLLQVcwokRHST0YGZThqs,10,4,success,
v1168,Liz's Book Bar,ChIJgQkzTvlbwokRCq9vl-v_NgI,10,4,success,
v1169,McNally Jackson Books Williamsburg,ChIJ7_CZzWBZwokRtnN6AuNPxGY,10,4,success,
v1170,MIDNIGHTS,ChIJoerR5V1ZwokRu55P9DJaNEo,10,4,success,
v1171,Milk & Roses,ChIJUymwHzxZwokR7PrGIBU3gz0,10,4,success,
v1172,Montague Diner,ChIJc5j1BABbwokRA4csWdGzsU0,10,4,success,
v1173,"Mya Coffee, Bakery and Wine Bar",ChIJDWxDjBRZwokRVX9GWagJ2-o,10,4,success,
v1174,Nenes Deli Taqueria,ChIJz9XGMdZdwokRZVmDysnluK4,10,4,success,
v1175,Pinkerton Wine Bar,ChIJESlLz15ZwokR4AeUXdaaWow,10,4,success,
v1176,Place des Fêtes,ChIJtx7ymGVbwokRzDZBJ8NVJz0,10,4,success,
v1177,Pokito,ChIJ3xcwmt9bwokRegnPhKtAL7U,10,4,success,
v1178,Quimby's Bookstore NYC,ChIJh92VBllZwokR02frzAmb3MA,10,4,success,
v1179,Radio Bakery,ChIJidmaBvdZwokRpeaRMeb_rX4,10,4,success,
v1180,Rhodora Wine Bar,ChIJCcgN9ZhbwokRhp2o_PJr4l0,10,4,success,
v1181,Saint Street Cakes,ChIJL8hU4KVbwokRi_tIJpA82oc,10,4,success,
v1182,Shelsky's Of Brooklyn Appetizing and Delicatessen,ChIJRRlDxFBawokRex6UBLocJZA,10,4,success,
v1183,Sixteen Mill Bakeshop,ChIJJ2TPLnJbwokR0AeNp3yZN44,10,4,success,
v1184,Spoonbill & Sugartown Books,ChIJx8E1BF5ZwokRtRU5AGl19I0,10,4,success,
v1185,Stella Dallas Living,ChIJk4UK015ZwokRrsbQPfxWtIg,10,4,success,
v1186,The Butcher's Daughter,ChIJ3UuR-ONZwokRrKPqaJPKbxw,10,4,success,
v1187,The Center for Fiction,ChIJgf_deP5YwokR9lClGH8WEZQ,10,4,success,
v1188,Yours Sincerely,ChIJI9-wCQRcwokRqolZj7FIsG8,10,4,success,
v1190,8-Bit Bites,ChIJdyjpM2hbwokRxM52YXB_7OU,10,4,success,
v1191,Again Vintage (home to SUBLIME Coffee & Plant Potions),ChIJXcVNo4VbwokRKMN5_z67i9Y,10,4,success,
v1192,Alita Cafe,ChIJLxpyb6lZwokRcvSJwGIZg_Q,10,4,success,
v1193,Ample Hills Creamery,ChIJfRbPgKZbwokR2IDdM7N8cK4,10,4,success,
v1194,Antidote,ChIJN7sVKcJZwokRZp59H74tSFg,10,4,success,
v1195,Archestratus Books + Foods,ChIJDYmQFT9ZwokR1bSFKsItm5o,10,4,success,
v1196,Ba Xuyên,ChIJr42oxs5awokRzyJdj2zfdIc,10,4,success,
v1197,Baby Blues Luncheonette,ChIJmz3KmbZbwokRRlxIMTmD00Q,10,4,success,
v1372,Lucali,ChIJ395CMVlawokRt2oLH_8zmvI,10,4,success,
v1198,BAR GOTO NIBAN,ChIJ4632-d9bwokRo_GqYoKmf8k,10,4,success,
v1199,Barcade,ChIJCRZAjFhZwokRv6cEvR8K8Ik,10,4,success,
v1200,Beacon's Closet,ChIJc3s0MV1ZwokR0I_e0seTOEo,10,4,success,
v1204,Birds of a Feather,ChIJhzzIZWBZwokRPp4llFHtQzs,10,4,success,
v1446,St. Ann's Warehouse,ChIJH36g4DBawokRaR-nQ4NPRJM,10,4,success,
v1205,Black Brick Coffee,ChIJRccMT2BZwokRpvUa9SWxbBc,10,4,success,
v1206,Black Oak on Fifth,ChIJrxuNPgpbwokR96B6j7XvYh8,10,4,success,
v1207,Blue Brown Cafe,ChIJKzSxhq9ZwokRORBmuUsFrlY,10,4,success,
v1208,Books Are Magic,ChIJOUoR41BawokR5s3MlYwVqyU,10,4,success,
v1209,Books Are Magic,ChIJj4YVA0lbwokRthEyLlkGFG8,10,4,success,
v1210,Botani Cafe,ChIJuTDdo_lbwokR_lHF8bVHU8A,10,4,success,
v1211,Breakfast by Salt's Cure,ChIJA2pLzWdbwokRMZJjAl3CX4g,10,4,success,
v1212,Bricolage,ChIJu56XVKpbwokRKqHDrGT8PVg,10,4,success,
v1234,dear friend books,ChIJi2fRyMxbwokR6G8Op8EfbpY,10,4,success,
v1214,Brooklyn Social,ChIJPe-pfldawokRZnO3SMACHYk,10,4,success,
v1215,Brooklyn Vintage Company,ChIJw6jm6LxdwokR37Bt276VnYk,10,4,success,
v1216,Bunna Cafe,ChIJD6qBsQNcwokR8ggthXPGiZg,10,4,success,
v1217,Bushwick Taco Company,ChIJMQCrgztcwokRczHnAB9FuAc,10,4,success,
v1218,ByClio Bakery,ChIJw52j4W9ZwokRUxsssuZyD_c,10,4,success,
v1219,Cafe Luluc,ChIJCeSj_lBawokRiFzZ1p5abo8,10,4,success,
v1220,Cafe Mogador,ChIJN5X_gWdZwokRck9rk2guJ1M,10,4,success,
v1221,Cafe Susanne,ChIJk5dLNQBbwokRXdDx07XsiKo,10,4,success,
v1222,Campbell and Co - Williamsburg,ChIJV6bCPVhZwokRUahG9TtfEeQ,10,4,success,
v1223,Casa Maya,ChIJ5Z2XmEpdwokRAPeTiXmJhyE,10,4,success,
v1224,Cecconi's,ChIJB2xIGTFawokRSX4sCtT9djg,10,4,success,
v1225,Ciao Ciao Disco,ChIJaRB4RaxZwokR4TQsOIWnEpg,10,4,success,
v1226,Cinnamon Girl,ChIJwYSrORNbwokRwS6Azyk_n7g,10,4,success,
v1227,Clark's,ChIJ4wBp3jdawokRZf_Uh0IhaXY,10,4,success,
v1228,Close Friends,ChIJsWtyrHhZwokRA7Fxiva1u6k,5,4,success,
v1229,Colonia Verde,ChIJrXze-rlbwokRl3G4x1txJgk,10,4,success,
v1230,Community Bookstore,ChIJ-W1PKAdbwokRhDG1VgLSckw,10,4,success,
v1231,Corto,ChIJsV2mPBxbwokRN4z8lBXBejU,10,4,success,
v1232,Dae,ChIJc7sz_cxbwokRruIjAlwlXLo,10,4,success,
v1233,Dayglow,ChIJp--TA6NdwokRrktWTTL2alw,10,4,success,
v1235,Devoción,ChIJ99H-1bJbwokRU52Z-5Y-BDI,10,4,success,
v1236,Diamond Lil,ChIJR9WOyUhZwokRYi90_KCKC0w,10,4,success,
v1237,Dilly Dally,ChIJ9UbfyO1bwokRh11devTUnT4,10,4,success,
v1238,Din Soup Dumplings 鼎泰轩,ChIJWWAmRa5bwokRrCSDiFtd8-g,10,4,success,
v1239,Dobbin St. Vintage Co-op Corner Shop,ChIJCQx8zBtZwokRn-bRD3IjjqI,4,4,success,
v1240,Driggs Mercantile,ChIJ8YcWLFxZwokRwJVwGyl3Op4,10,4,success,
v1241,DUMBO Manhattan Bridge View,ChIJd9SPZTFawokRh9NpOTE-G5k,10,4,success,
v1242,Dynaco,ChIJ14EVoZZbwokRShssGttM_zM,10,4,success,
v1243,Dépanneur,ChIJ2V33K2FZwokRvIENcCDUwQc,10,4,success,
v1244,Ebreo Vintage,ChIJJ_S9zzpZwokRUlYIUAqt0MQ,10,4,success,
v1245,Edy's Grocer,ChIJe2e8x_lZwokR1n-v9-lYq_I,10,4,success,
v1246,El Regalo de Juquila,ChIJ__JdlghcwokRDL_2iKYrql4,10,4,success,
v1247,Electric Beets,ChIJjzFJSXJbwokRe5sQHKEXgxY,10,4,success,
v1248,Enso Cafe,ChIJsyghTABbwokResNmLxwGAF8,10,4,success,
v1249,Entre Nous,ChIJYY61-rJbwokRMydDW_1Vs4A,10,4,success,
v1250,Everybody Eats,ChIJl8AkhVVawokRZv4EvtEkWTs,10,4,success,
v1252,Flower Cat,ChIJJT2fwKdZwokRA8epvwuvdL8,10,4,success,
v1253,Friends and Lovers,ChIJq4ItvJhbwokRXXQsSod_xuQ,10,4,success,
v1254,Frita Batidos Brooklyn,ChIJjzBW0rJZwokRKhq0ELlC_fM,10,4,success,
v1255,Gertie,ChIJ1aKpNABbwokRIFh0cLCWP4w,10,4,success,
v1257,Gordo's Cantina,ChIJ4ahOydVYwokR7cBu4R_8BXo,10,4,success,
v1258,Gran Torino,ChIJkXRIF7xZwokRWHXyMhvSNO8,10,4,success,
v1259,Greenlight Bookstore (Fulton Street),ChIJjTxYtrFbwokRLcr7cM149Uo,10,4,success,
v1260,Grimaldi's Pizzeria,ChIJgzfayTBawokR9jTsF6hLf40,10,4,success,
v1261,Guevara's,ChIJ3a5CCkBZwokRsU8MY__yiwI,10,4,success,
v1262,Haenyeo,ChIJVVXpcQBbwokRtKzSlyOoW1Y,10,4,success,
v1263,"Hainan Chicken House, 海南鸡记",ChIJI0YyYNhbwokRrrCRyPRN6M4,10,4,success,
v1264,Hala Coffee & Kitchen,ChIJhRclWR5dwokR4aXJ9gK_dG4,10,4,success,
v1265,HEADREST COFFEE,ChIJR9JkA_hdwokR5Y1kAgGHrlI,10,4,success,
v1266,Human Relations,ChIJPTJU2QNcwokRpSQf6TIRsz4,10,4,success,
v1267,Hungry Ghost Coffee,ChIJ9Tcb61hZwokR_XsSpGVsY3U,10,4,success,
v1268,Ilegal Taqueria,ChIJkVjU8kJdwokRP7IY1nRY-jI,10,4,success,
v1269,ippudo V Brookyln,ChIJK6ptFFVbwokR601x2txnoB0,10,4,success,
v1270,Jajaja Mexicana,ChIJgV3yD_lZwokRPTi6aPfX2yo,10,4,success,
v1271,Kinhfolk,ChIJaTzsXABZwokRiYy4ILESKEw,10,4,success,
v1272,Koi Omakase,ChIJSWqCsoJbwokR4sr-BlYWi08,10,4,success,
v1273,Kokomo Restaurant & Lounge,ChIJ9-EhOXlZwokRSdB_B9mYM30,10,4,success,
v1274,L Train Vintage,ChIJRwLEXwFcwokRJvPeNr8kOtk,10,4,success,
v1275,L Train Vintage,ChIJRwLEXwFcwokRJvPeNr8kOtk,10,4,success,
v1276,L'imprimerie,ChIJrzLMnhhcwokR7jqV_veobUI,10,4,success,
v1277,La Bicyclette Bakery,ChIJ0QDyxnZZwokRQZteO0vPUXU,10,4,success,
v1278,La Cantine,ChIJY3SV72ddwokRP1FK0G3VnG4,10,4,success,
v1382,Joloff,ChIJAxLlKJdbwokR9uXwxSHa-Ak,10,4,success,
v1279,La Loncheria,ChIJ0WC4CQRcwokRDPPZ-ETUUuA,10,4,success,
v1280,LaRina Pastificio & Vino,ChIJweAtELhbwokRO1AexCvuRo0,10,4,success,
v1281,Laser Wolf Brooklyn,ChIJLyS5dYRZwokRlkA0g9eijjs,10,4,success,
v1282,leaves,ChIJOz31d-JZwokROLP-0MsGh-Y,10,4,success,
v1283,Lilia,ChIJJXCD6ltZwokRJ_cwjKQH63c,10,4,success,
v1284,Limosneros,ChIJ_dLR-YtZwokRphksDoBlwI0,10,4,success,
v1285,LINC ORIGINAL MAKERS NEW YORK,ChIJF6QPUSpZwokR3ybimUuIJTw,5,4,success,
v1286,Lincoln Station,ChIJd7NPhApbwokRMsK48DkIVNQ,10,4,success,
v1287,Little Fino,ChIJbXxKVwBZwokR6KKerL3z96k,10,4,success,
v1288,Little Grenjai,ChIJvWLTO_1bwokRrZDrq9PGaWg,10,4,success,
v1289,Lot45,ChIJD6onYB1cwokRmpnxKk0jAws,10,4,success,
v1290,"Louis Valentino, Jr. Park and Pier",ChIJq3mMh4hawokR1Rl_U7p-K5c,10,4,success,
v1291,Loveless Coffees,ChIJi0V-IohdwokRxK8_n0T4jVQ,10,4,success,
v1292,Luana's Tavern,ChIJqwd2aGlbwokRjotGcADIRFE,10,4,success,
v1293,LuAnne's Wild Ginger,ChIJVUnIE05awokRTYC1d5YMs9g,10,4,success,
v1294,LunÀtico,ChIJESF5DXZcwokRVyeGiPtTMfY,10,4,success,
v1295,Maimoun,ChIJ30ixq3hZwokRXuTexWBzo-8,10,4,success,
v1296,McNally Jackson Books Downtown Brooklyn,ChIJDSUF2NVbwokRgTKVYvaYPdo,10,4,success,
v1297,MEILI Rooftop,ChIJ7_3mQABZwokRKrRL8Uy1Fic,10,4,success,
v1298,Miski Cafe,ChIJU7_AxMRbwokRVw4_FwieFkQ,10,4,success,
v1299,Mixtape Bushwick,ChIJ9zM86xhcwokRNsZ6GptnmZ0,10,4,success,
v1300,Mociun Fine Jewelry & Home,ChIJnZMW2F9ZwokRGOicHTtZELc,10,4,success,
v1303,Nenes Taqueria,ChIJS8rSNvtbwokRtZqLNnAcOhI,10,4,success,
v1304,Next Stop Vegan,ChIJtxeOqXdbwokRa1M5fa8HJXE,10,4,success,
v1305,Nomia,ChIJIeg7m1xZwokRrvzwhxzbZ6U,3,3,success,
v1318,Rugged Road & Co.,ChIJr_R1BF5ZwokRiGkMZn-iF2c,10,4,success,
v1306,Oxomoco,ChIJ__-z7kBZwokRezHqB39zBLI,10,4,success,
v1307,Pally,ChIJR45CcxNZwokR5Ju4mTlmlsQ,10,4,success,
v1308,Palmetto,ChIJj9JnL01dwokRrwH5joV_PQo,10,4,success,
v1309,Plaza Ortega,ChIJ8c7qN7ddwokR8xRXSgF0f4M,10,4,success,
v1310,Plus de Vin,ChIJXS7DnARZwokR7U74X6NnHpQ,10,4,success,
v1311,Prospect Butcher Co.,ChIJ23ll2DFbwokRK6Xb1n21pew,10,4,success,
v1312,Prospect Park,ChIJQwRohxBbwokRmHrfAMb3ixc,10,4,success,
v1313,Raggedy Threads,ChIJk4lMAlhZwokRvJ-03VEYZcE,10,4,success,
v1314,Ramen DANBO Park Slope,ChIJD07tCrBbwokRpbUUdyE2jo4,10,4,success,
v1315,"RHYTHM ZERO, WILLIAMSBURG",ChIJxSNlflVZwokRKeKASsTJB-I,10,4,success,
v1316,Rocka Rolla,ChIJb37UJ1lZwokRxtE1AmtOBbg,10,4,success,
v1317,Rodeo,ChIJFbHCbs1bwokRPp3F9TTvVo8,10,4,success,
v1319,Saint Eves Cocktail Bar,ChIJmV1QVqhbwokR_ApUAo05bEE,10,4,success,
v1320,Saint Michel Cafe,ChIJe1ZX6whkwokRA4dh1WfGjw4,10,4,success,
v1321,Salt Lizard,ChIJYUlOWWBZwokRiO-JUciJ0uE,10,4,success,
v1322,Saturn Road,ChIJN_uyy55bwokRzVyFQ6MUTZs,10,4,success,
v1323,Sawa,ChIJD87O1YJbwokR6lRmQ6nsIfU,10,4,success,
v1324,Selune Annex,ChIJP0b_VmpdwokR4nwDWhoc_WI,10,4,success,
v1325,Selva,ChIJMXG2IKFdwokRSNnbd7FNMHE,10,4,success,
v1326,senti senti,ChIJR45uj3hZwokR6C6PVhoSBkY,10,4,success,
v1327,Seven Wonders Collective (Greenpoint),ChIJqc6KlaJZwokReHbV99dK6c0,10,4,success,
v1328,Simply Nova,ChIJl7zha7BZwokR5DXf9UAP0u4,10,4,success,
v1329,Sips,ChIJq8mlGtldwokRyGJP_tjKyyE,10,4,success,
v1330,Sobre Masa,ChIJmeKSwPFdwokRZ--71Rq0GBY,10,4,success,
v1331,Sofreh,ChIJK9DnCNlbwokR499xR5NXZII,10,4,success,
v1332,Stonefruit Espresso + Kitchen,ChIJz03QXJRbwokR7eKaWjPrxs8,10,4,success,
v1333,Studio Dem,ChIJia4fxAxfwokRk575FSzVz4U,10,4,success,
v1334,Sunset Park,ChIJfWVm5LNawokRMvYNqC6zPgg,10,4,success,
v1335,Taku Sando,ChIJ8ZshVyFZwokRqQFLjNmfWmE,10,4,success,
v1336,TALEA Beer Co - Williamsburg,ChIJ5TvP21FZwokRLFjbliEhRUc,10,4,success,
v1337,TANGERINE,ChIJXWoA3vBZwokRKV5Ux-5oeek,10,4,success,
v1338,Taqueria Al Pastor,ChIJVxxLjhhdwokRljQPK_XWGzw,10,4,success,
v1339,Taqueria El Chato,ChIJpx9oNwBZwokRadMPBkSKnvY,10,4,success,
v1340,The Little Bookshop,ChIJgctCgGhbwokRYR1ln2hAnbs,10,4,success,
v1349,three legged cat,ChIJWSJ1fbxZwokRohpU1WNpNpA,10,4,success,
v1341,The Lot Radio,ChIJR_7aYENZwokRzg5z2e4iuao,10,4,success,
v1342,The Meat Hook,ChIJOYVff1pZwokRfUJCugXW69Y,10,4,success,
v1343,The Ripped Bodice,ChIJPyEC6zdbwokRjJLnHctI-AM,10,4,success,
v1344,The Sultan Room,ChIJA8spEXRdwokRCEKqSASypjU,10,4,success,
v1345,The Ten Bells Brooklyn,ChIJv5QvLQddwokR8sH0Q-NHt5Q,10,4,success,
v1346,The West Brooklyn,ChIJWaaZj1hZwokRalNHJEvg7cw,10,4,success,
v1347,The Word Is Change,ChIJt-jNd4ZbwokREiFzH3LFrec,10,4,success,
v1348,Theodora,ChIJJye7jZBbwokRtioAck7uEIg,10,4,success,
v1350,Tico's Cafetería,ChIJLyflQlVdwokRLJ2XuRRQTnA,10,4,success,
v1351,Til Death,ChIJLcTP_INdwokR4HPrvwP7byU,10,4,success,
v1352,Tired Thrift,ChIJh67AWMKLwokRBRA24bFDFRA,10,4,success,
v1353,Tooker Alley,ChIJfWsxfApbwokRoeneq1jrv3o,10,4,success,
v1354,Tortilleria Mexicana Los Hermanos,ChIJsRiTex1cwokR59H3dlPzzY8,10,4,success,
v1355,Troost,ChIJaWZBIz9ZwokRPKO2K25Uho8,10,4,success,
v1356,Two Boots Park Slope,ChIJQ4_fJABbwokRLdG6vmgCp4E,10,4,success,
v1357,Two Hands,ChIJP1m519tZwokRf0B_IzX9f9s,10,4,success,
v1358,Unearth Vintage,ChIJAQgOgGBZwokRLlmBNDx7dAk,10,4,success,
v1359,Unnameable Books,ChIJxWzqeqZbwokRRfuaT-IC6RQ,10,4,success,
v1360,Velma Vintage,ChIJ7R4ntl9ZwokR1_pjZR7sonk,10,4,success,
v1361,Venus in Tokyo,ChIJ_SHBvC1ZwokRCh8vozhbA0U,10,4,success,
v1370,Defonte's Sandwich Shop,ChIJeU0kWfVawokR_ZNYdC9w-tQ,10,4,success,
v1362,WARUDE,ChIJD4Pkzo1bwokRT8tURQ6KU68,10,4,success,
v1363,White Noise Coffee - Coffee Shop & Roastery,ChIJCeGW6YRbwokRru0TS3l1z_Y,10,4,success,
v1364,Wild Park Slope,ChIJkwN1rqtbwokRA5_AywLAn84,10,4,success,
v1365,WINNER,ChIJg8UZJyNbwokR0-LkfR8MPJQ,10,4,success,
v1366,WORD,ChIJh1cMrUFZwokRWS1nhRXR2V8,10,4,success,
v1367,Yafa Cafe,ChIJk6UAi79bwokRgb_Wkj3qhkY,10,4,success,
v1368,Yemen Café & Restaurant,ChIJExC3nU9awokRgODOvdb3awc,10,4,success,
v1369,Westlight,ChIJW0OO0UJZwokRaQpYvJ4sn0k,10,4,success,
v1373,The Munchies,ChIJ5ftJ2q9bwokRdJUbdbIjKQo,10,4,success,
v1374,Fini Pizza,ChIJs_N6DcFZwokRtBCzGqsNzjs,10,4,success,
v1375,Fedoroff's Roast Pork,ChIJ6-oZ9lxZwokRg3G1HhqhVhM,10,4,success,
v1376,Kilo Bravo,ChIJgUDVXlxZwokRebVE4AXTO9Q,10,4,success,
v1383,Hart's,ChIJhYcE0JlbwokRVjovgUYR65M,10,4,success,
v1377,Tacos El Bronco,ChIJA4IcJbhawokRcqZKwWCNxkI,10,4,success,
v1378,Bong,ChIJq7VcWwBbwokRQf8bGqnAkrM,10,4,success,
v1379,Red Hook Tavern,ChIJv0LelZRbwokRrUvqWn_7o98,10,4,success,
v1380,A&A Bake Doubles and Roti,ChIJhZ5AnJpbwokR8xu2jnQDqP0,10,4,success,
v1381,The Fly,ChIJOdgj26xbwokRgsHCUe7pf8c,10,4,success,
v1385,Chilo's,ChIJ_ar-yZVbwokRtr_5W6WIZ98,10,4,success,
v1386,Ursula Brooklyn,ChIJTf8taJRdwokRq3Bm3GY9lK4,10,4,success,
v1387,Laziza,ChIJlXP_FQBdwokRUdtJIfvzTHw,10,4,success,
v1388,Olmo,ChIJIYMm9JldwokR3JTojl_rf8A,10,4,success,
v1389,Guacuco Bed-Stuy,ChIJ0XYPcvNbwokRPHXjN0VHMe4,10,4,success,
v1390,Cheeni,ChIJi8zjXwBbwokRFB9V5K-Smxs,10,4,success,
v1391,Culpeppers,ChIJG9-BKW5bwokR_KjbhhaMqvs,10,4,success,
v1392,Gloria's,ChIJHfJpC51bwokRWMxLI3YJeTk,10,4,success,
v1393,Hometown Bar-B-Que,ChIJ0VWwJI9awokRoiFWFqYZMQ8,10,4,success,
v1394,Cafe Mado,ChIJrwTqaQBbwokRaK-iQfAWdG4,10,4,success,
v1396,Lucky Rabbit Noodles,ChIJRX9A8xxbwokRKZOYDX-2R64,10,4,success,
v1397,Bark Barbecue,ChIJ051SSnpbwokRRHizOSfAQjA,10,4,success,
v1398,Juliana’s,ChIJAQr5tjBawokRBBESUv8Tw5I,10,4,success,
v1399,Celestine,ChIJIcKAMDJawokRo6amxIlsQlU,10,4,success,
v1400,Il Leone,ChIJPfIvuXRbwokRmbK7itcqr9A,10,4,success,
v1401,Ace's Pizza,ChIJMTXf1ChZwokR2WKzrREy78s,10,4,success,
v1402,Paulie Gee's Slice Shop,ChIJtcllhxpZwokR6f8Ue42WHNk,10,4,success,
v1403,Speedy Romeo,ChIJOTob_r1bwokRtUoNNbcmw_g,10,4,success,
v1404,The Snail,ChIJ3Vn-YGNZwokRKs9M6LiXVA8,10,4,success,
v1405,Strange Delight,ChIJSZ__agBbwokRFqNZkOBfbsk,10,4,success,
v1406,Miss Ada,ChIJqzhkS7dbwokRtGCdHcorPvU,10,4,success,
v1407,Three Decker Diner,ChIJ3y9iO0RZwokRaLrvVqWhveo,10,4,success,
v1408,Breakfast by Salt's Cure,ChIJA2pLzWdbwokRMZJjAl3CX4g,10,4,success,
v1409,Misi,ChIJw7SsU_pZwokREyGSSulF53U,10,4,success,
v1410,Rosticceria Evelina,ChIJ6dTbB5BbwokRQyM4pOUH76I,10,4,success,
v1412,Agi's Counter,ChIJgbi06LFbwokRGr3pch2KH_A,10,4,success,
v1413,Wenwen,ChIJmcr2IF9ZwokRr-u_-UTxju4,10,4,success,
v1415,Sauced,ChIJW3Jhm8pZwokRlWrTFhoG1BU,10,4,success,
v1416,Maison Premiere,ChIJW_WGT2BZwokRNpvZ4k3lVcs,10,4,success,
v1417,Ingas Bar,ChIJP6l_znFbwokRpT1_G9i2i_Y,10,4,success,
v1418,Huda,ChIJXfTHzwpZwokRxTuXkKcvoGo,10,4,success,
v1419,Sailor,ChIJ2xcAfQFbwokRSBBCp0svARQ,10,4,success,
v1420,Al Di La,ChIJpcjScgBbwokR8tFzxMCfFqM,10,4,success,
v1421,The River Cafe,ChIJ2QZOdTpawokRU_eN_EPJaX8,10,4,success,
v1423,Tørst,ChIJlaFjTURZwokRvsN6V805OEk,10,4,success,
v1424,Public Records,ChIJKb2SuKFbwokRyORCT_Xtf_s,10,4,success,
v1425,Rule of Thirds,ChIJaQRXYuRZwokRHjAN5MkBizY,10,4,success,
v1426,Masalawala & Sons,ChIJHYhISIVbwokRNcIdAD0mKjQ,10,4,success,
v1427,Ammazzacaffè,ChIJA1h4NVZZwokRheUtPiYkt0g,10,4,success,
v1429,Bonafini,ChIJWbVgsRRbwokRA8DSvuD9JrA,10,4,success,
v1430,Le Crocodile,ChIJ4faAXmBZwokRebmpx9kQxx4,10,4,success,
v1431,Claro,ChIJGVQqnFVawokRltzLtx5fMhM,10,4,success,
v1432,Saint Julivert Fisherie,ChIJC_-pxFdbwokRuPw-9HZucGA,10,4,success,
v1433,KRU Brooklyn,ChIJz0Bt0ldZwokR698-eT0Dh88,10,4,success,
v1434,gertrude's,ChIJnRyRtUBbwokR4veV9Er_PAU,10,4,success,
v1435,June Wine Bar,ChIJo7kAbVBawokRKkafvpa2WLM,10,4,success,
v1436,Deux Chats,ChIJVY3ENaxbwokRefauZrta9qc,10,4,success,
v1437,Leo,ChIJwW2hRvJZwokR2SJYVjP97v8,10,4,success,
v1438,L'Apéro by L'Appartement 4F,ChIJ_xVHVB5bwokRXZSTppGOkK4,10,4,success,
v1439,Layla,ChIJ57ZDGMxbwokRVox0BjRGB_U,10,4,success,
v1440,Brooklyn Museum,ChIJyTmcRApbwokR-oXJRqpVI8Y,10,4,success,
v1441,Nitehawk Cinema Williamsburg,ChIJMza4HWFZwokREyXlhbnRf5E,10,4,success,
v1442,Music Hall of Williamsburg,ChIJwQCnGmdZwokRLMiSzjZtHwo,10,4,success,
v1443,Baby's All Right,ChIJ1SnD495bwokRu9j5Mq3Q7FA,10,4,success,
v1447,Bathhouse Williamsburg,ChIJBTF_ACxZwokRk8y1ICME3F4,10,4,success,
v1448,Brooklyn Bridge Park,ChIJjaFpo0ZawokRBcOFUZ13CaE,10,4,success,
v1449,Domino Park,ChIJX7hLk0FZwokRFhRcjtylakg,10,4,success,
v1450,Brooklyn Botanic Garden,ChIJwYu_aA5bwokR2lxjW-QvQlc,10,4,success,
v1451,Time Out Market Dumbo,ChIJ9aMCWaxbwokRZHJGmTBxFtQ,10,4,success,
v1452,L'Appartement 4F,ChIJ_xVHVB5bwokRXZSTppGOkK4,10,4,success,
v1453,Burrow,ChIJ2zVavDNawokR_XDClc_vb4M,10,4,success,
v1454,Fan-Fan Doughnuts,ChIJ-eBifR5bwokRgXeVyNhDBFg,10,4,success,
v1456,Bakeri,ChIJYRmchGdZwokRSTHrwrsym5M,10,4,success,
v1457,Four & Twenty Blackbirds,ChIJuYUA4PtawokR-kG0F5StUYU,10,4,success,
v1458,One Girl Cookies,ChIJc-dxGE5awokRCfAfCHmGnfY,10,4,success,
